{
"type": "FeatureCollection",
"crs": { "type": "name", "properties": { "name": "urn:ogc:def:crs:EPSG::2263" } },
"features": [
{ "type": "Feature", "properties": { "dName": "Reichler, Melvin", "lastName": "Reichler", "firstName": "Melvin", "prefix": "", "ptype": "person", "pcat": "Allies", "ocat": null, "jregion": "LW", "address": "80 Wooster St", "blockid": 20234, "locid": 416, "lead": "8-4836", "label": null, "bldid": -1, "offmap": 0, "jextras": null, "comment": null, "apt": "2b", "timestamp": 1711674937.7336819, "auto": "0", "listype": "", "dirtype": "", "hint": "", "jhidden": 0, "jfrozen": 0, "jworking": 0 }, "geometry": { "type": "Point", "coordinates": [ 983904.0, 202922.0 ] } },
{ "type": "Feature", "properties": { "dName": "Parker, Charlie", "lastName": "Parker", "firstName": "Charlie", "prefix": "", "ptype": "person", "pcat": "Celebrities.BO", "ocat": null, "jregion": "BO", "address": "78 Forsyth St", "blockid": 33346, "locid": 198, "lead": "5-9893", "label": null, "bldid": 16872, "offmap": 0, "jextras": null, "comment": null, "apt": null, "timestamp": 1711674938.0447638, "auto": "0", "listype": "", "dirtype": "", "hint": "", "jhidden": 0, "jfrozen": 0, "jworking": 0 }, "geometry": { "type": "Point", "coordinates": [ 986204.961243259604089, 200565.820570827141637 ] } },
{ "type": "Feature", "properties": { "dName": "Riis, Jacob", "lastName": "Riis", "firstName": "Jacob", "prefix": "", "ptype": "person", "pcat": "Celebrities.BO", "ocat": null, "jregion": "BO", "address": "215 Chrystie St", "blockid": 20213, "locid": 457, "lead": "3-5078", "label": null, "bldid": 12443, "offmap": 0, "jextras": null, "comment": null, "apt": null, "timestamp": 1711674938.3535602, "auto": "0", "listype": "", "dirtype": "", "hint": "", "jhidden": 0, "jfrozen": 0, "jworking": 0 }, "geometry": { "type": "Point", "coordinates": [ 986439.268006017780863, 202759.996354482747847 ] } },
{ "type": "Feature", "properties": { "dName": "Walker, James \"Beau\"", "lastName": "Walker", "firstName": "James \"Beau\"", "prefix": "", "ptype": "person", "pcat": "Celebrities.BO", "ocat": null, "jregion": "BO", "address": "139 Bowery", "blockid": 255, "locid": 214, "lead": "8-0906", "label": null, "bldid": 17118, "offmap": 0, "jextras": null, "comment": null, "apt": null, "timestamp": 1711674938.6594002, "auto": "0", "listype": "", "dirtype": "", "hint": "", "jhidden": 0, "jfrozen": 0, "jworking": 0 }, "geometry": { "type": "Point", "coordinates": [ 985887.989059288287535, 201147.804503832623595 ] } },
{ "type": "Feature", "properties": { "dName": "Crane, Stephen", "lastName": "Crane", "firstName": "Stephen", "prefix": "", "ptype": "person", "pcat": "Celebrities.BO", "ocat": null, "jregion": "BO", "address": "111 Bowery", "blockid": 47, "locid": 210, "lead": "3-0202", "label": null, "bldid": 16884, "offmap": 0, "jextras": null, "comment": null, "apt": null, "timestamp": 1711674938.9664552, "auto": "0", "listype": "", "dirtype": "", "hint": "", "jhidden": 0, "jfrozen": 0, "jworking": 0 }, "geometry": { "type": "Point", "coordinates": [ 985737.763411800959148, 200752.334483354788972 ] } },
{ "type": "Feature", "properties": { "dName": "Holmes, S.", "lastName": "Holmes", "firstName": "S.", "prefix": "", "ptype": "person", "pcat": "Vanities", "ocat": null, "jregion": "LI", "address": "221 Baxter St", "blockid": 81, "locid": 342, "lead": "3-0595", "label": null, "bldid": -1, "offmap": 0, "jextras": null, "comment": null, "apt": null, "timestamp": 1711674939.2676291, "auto": "0", "listype": "", "dirtype": "", "hint": "", "jhidden": 0, "jfrozen": 0, "jworking": 0 }, "geometry": { "type": "Point", "coordinates": [ 984810.0, 201351.0 ] } },
{ "type": "Feature", "properties": { "dName": "Napolean, Winston", "lastName": "Napolean", "firstName": "Winston", "prefix": "", "ptype": "person", "pcat": "Vanities", "ocat": null, "jregion": "GV", "address": "44 Commerce St", "blockid": 24612, "locid": 649, "lead": "5-6551", "label": null, "bldid": 13201, "offmap": 0, "jextras": null, "comment": null, "apt": null, "timestamp": 1711674939.6575449, "auto": "0", "listype": "", "dirtype": "", "hint": "", "jhidden": 0, "jfrozen": 0, "jworking": 0 }, "geometry": { "type": "Point", "coordinates": [ 982719.529224646044895, 205684.073476886056596 ] } }
]
}
