{
"type": "FeatureCollection",
"crs": { "type": "name", "properties": { "name": "urn:ogc:def:crs:EPSG::2263" } },
"features": [
{ "type": "Feature", "properties": { "dName": "Gorski, Walenty", "lastName": "Gorski", "firstName": "Walenty", "prefix": "", "ptype": "person", "pcat": "Polish", "ocat": null, "jregion": "TB", "address": "435 E. 52nd St", "blockid": "20323", "locid": "1252", "lead": "5-4329", "label": null, "bldid": "22717", "offmap": "0", "jextras": "", "comment": null, "apt": "3c", "timestamp": "1702624723.565622", "auto": "0", "listype": "", "dirtype": "", "hint": "", "jhidden": 0, "jfrozen": 110, "jworking": "0", "source": "hlp_wrongBook" }, "geometry": { "type": "Point", "coordinates": [ 994460.308681177091785, 214226.972768923500553 ] } },
{ "type": "Feature", "properties": { "dName": "Gorski, Tymoteusz", "lastName": "Gorski", "firstName": "Tymoteusz", "prefix": "", "ptype": "person", "pcat": "Polish", "ocat": null, "jregion": "WH", "address": "4186 Broadway", "blockid": "203", "locid": "2575", "lead": "5-6096", "label": null, "bldid": "49909", "offmap": "0", "jextras": "", "comment": null, "apt": "", "timestamp": "1702624732.175596", "auto": "0", "listype": "", "dirtype": "", "hint": "", "jhidden": 0, "jfrozen": 110, "jworking": "0", "source": "hlp_wrongBook" }, "geometry": { "type": "Point", "coordinates": [ 1001534.459003524039872, 248211.813535102497553 ] } },
{ "type": "Feature", "properties": { "dName": "Gorski, I.", "lastName": "Gorski", "firstName": "Iwo", "prefix": "", "ptype": "person", "pcat": "Polish", "ocat": null, "jregion": "YV", "address": "400 E. 88th St", "blockid": "1172", "locid": "591", "lead": "6-3528", "label": null, "bldid": "39848", "offmap": "0", "jextras": "", "comment": null, "apt": "", "timestamp": "1702624736.318097", "auto": "0", "listype": "", "dirtype": "", "hint": "", "jhidden": 0, "jfrozen": 110, "jworking": "0", "source": "hlp_wrongBook" }, "geometry": { "type": "Point", "coordinates": [ 998584.125569460564293, 222716.169124603358796 ] } },
{ "type": "Feature", "properties": { "dName": "Gorski, U.", "lastName": "Gorski", "firstName": "Umberto", "prefix": "", "ptype": "person", "pcat": "Polish", "ocat": null, "jregion": "CS", "address": "226 W. 21st St", "blockid": "20267", "locid": "1085", "lead": "8-9798", "label": null, "bldid": "15090", "offmap": "0", "jextras": "", "comment": null, "apt": "", "timestamp": "1707694458.8326566", "auto": "0.0", "listype": "", "dirtype": "", "hint": "", "jhidden": 0, "jfrozen": 110, "jworking": "0", "source": "hlp_wrongBook" }, "geometry": { "type": "Point", "coordinates": [ 984822.128015884547494, 210034.03061405417975 ] } },
{ "type": "Feature", "properties": { "dName": "Adamski, Barry", "lastName": "Adamski", "firstName": "Barry", "prefix": "", "ptype": "person", "pcat": "Polish", "ocat": null, "jregion": "TB", "address": "435 E. 52nd St", "blockid": "20323", "locid": "1252", "lead": "7-9323", "label": null, "bldid": "22717", "offmap": "0", "jextras": "", "comment": null, "apt": "3a", "timestamp": "1702624722.898987", "auto": "0", "listype": "", "dirtype": "", "hint": "", "jhidden": 0, "jfrozen": 110, "jworking": "0", "source": "hlp_wrongBook" }, "geometry": { "type": "Point", "coordinates": [ 994460.308681177091785, 214226.972768923500553 ] } },
{ "type": "Feature", "properties": { "dName": "Lumby, Norman", "lastName": "Lumby", "firstName": "Norman", "prefix": "", "ptype": "person", "pcat": "British", "ocat": null, "jregion": "TB", "address": "435 E. 52nd St", "blockid": "20323", "locid": "1252", "lead": "6-2712", "label": null, "bldid": "22717", "offmap": "0", "jextras": "", "comment": null, "apt": "3b", "timestamp": "1702624723.256996", "auto": "0", "listype": "", "dirtype": "", "hint": "", "jhidden": 0, "jfrozen": 110, "jworking": "0", "source": "hlp_wrongBook" }, "geometry": { "type": "Point", "coordinates": [ 994460.308681177091785, 214226.972768923500553 ] } },
{ "type": "Feature", "properties": { "dName": "Goud, R.", "lastName": "Goud", "firstName": "Roman", "prefix": "", "ptype": "person", "pcat": "Dutch", "ocat": null, "jregion": "TB", "address": "435 E. 52nd St", "blockid": "20323", "locid": "1252", "lead": "1-9825", "label": null, "bldid": "22717", "offmap": "0", "jextras": "", "comment": null, "apt": "3d", "timestamp": "1702624723.759621", "auto": "0", "listype": "", "dirtype": "", "hint": "", "jhidden": 0, "jfrozen": 110, "jworking": "0", "source": "hlp_wrongBook" }, "geometry": { "type": "Point", "coordinates": [ 994460.308681177091785, 214226.972768923500553 ] } },
{ "type": "Feature", "properties": { "dName": "Rizzo, Carisio", "lastName": "Rizzo", "firstName": "Carisio", "prefix": "", "ptype": "person", "pcat": "Italian", "ocat": null, "jregion": "TB", "address": "435 E. 52nd St", "blockid": "20323", "locid": "1252", "lead": "2-8381", "label": null, "bldid": "22717", "offmap": "0", "jextras": "", "comment": null, "apt": "3e", "timestamp": "1702624724.522678", "auto": "0", "listype": "", "dirtype": "", "hint": "", "jhidden": 0, "jfrozen": 110, "jworking": "0", "source": "hlp_wrongBook" }, "geometry": { "type": "Point", "coordinates": [ 994460.308681177091785, 214226.972768923500553 ] } },
{ "type": "Feature", "properties": { "dName": "Wyckoff, Talmadge D", "lastName": "Wyckoff", "firstName": "Talmadge D", "prefix": "", "ptype": "person", "pcat": "NatWhite", "ocat": null, "jregion": "EV", "address": "229 E. 11th St", "blockid": "377", "locid": "719", "lead": "7-6591", "label": null, "bldid": "20707", "offmap": "0", "jextras": "", "comment": null, "apt": "", "timestamp": "1702624672.528092", "auto": "0", "listype": "", "dirtype": "", "hint": "", "jhidden": 0, "jfrozen": 110, "jworking": "0", "source": "hlp_wrongBook" }, "geometry": { "type": "Point", "coordinates": [ 987785.900222873897292, 205589.646487660036655 ] } },
{ "type": "Feature", "properties": { "dName": "Arteaga, Maria F", "lastName": "Arteaga", "firstName": "Maria F", "prefix": "", "ptype": "person", "pcat": "Hispanic", "ocat": null, "jregion": "SH", "address": "1545 Madison Ave", "blockid": "18163", "locid": "1841", "lead": "1-4981", "label": null, "bldid": "41481", "offmap": "0", "jextras": "", "comment": null, "apt": "", "timestamp": "1702624719.641109", "auto": "0", "listype": "", "dirtype": "", "hint": "", "jhidden": 0, "jfrozen": 110, "jworking": "0", "source": "hlp_wrongBook" }, "geometry": { "type": "Point", "coordinates": [ 998107.002080578706227, 228012.063213456829544 ] } },
{ "type": "Feature", "properties": { "dName": "Afanasyev, Constantine", "lastName": "Afanasyev", "firstName": "Constantine", "prefix": "", "ptype": "person", "pcat": "Russian", "ocat": null, "jregion": "EV", "address": "332 E. 11th St", "blockid": "244", "locid": "693", "lead": "7-4030", "label": null, "bldid": "19680", "offmap": "0", "jextras": "", "comment": null, "apt": "", "timestamp": "1702624672.6441", "auto": "0", "listype": "", "dirtype": "", "hint": "", "jhidden": 0, "jfrozen": 110, "jworking": "0", "source": "hlp_wrongBook" }, "geometry": { "type": "Point", "coordinates": [ 988437.428614296833985, 205056.757091310340911 ] } },
{ "type": "Feature", "properties": { "dName": "Lori, Carlo", "lastName": "Lori", "firstName": "Carlo", "prefix": "", "ptype": "person", "pcat": "Italian", "ocat": null, "jregion": "TB", "address": "757 3rd Ave", "blockid": "1098", "locid": "1241", "lead": "7-9386", "label": null, "bldid": "60273", "offmap": "0", "jextras": "", "comment": null, "apt": "", "timestamp": "1702624723.080987", "auto": "0", "listype": "", "dirtype": "", "hint": "", "jhidden": 0, "jfrozen": 110, "jworking": "0", "source": "hlp_wrongBook" }, "geometry": { "type": "Point", "coordinates": [ 992061.75079345703125, 214011.1431884765625 ] } },
{ "type": "Feature", "properties": { "dName": "Dufton, Walter", "lastName": "Dufton", "firstName": "Walter", "prefix": "", "ptype": "person", "pcat": "British", "ocat": null, "jregion": "BD", "address": "245 W. 104th St", "blockid": "18159", "locid": "1815", "lead": "7-2227", "label": null, "bldid": "39611", "offmap": "0", "jextras": "", "comment": null, "apt": "", "timestamp": "1702624654.643099", "auto": "0", "listype": "", "dirtype": "", "hint": "", "jhidden": 0, "jfrozen": 110, "jworking": "0", "source": "hlp_dropDead" }, "geometry": { "type": "Point", "coordinates": [ 992956.537407942698337, 230793.449805645184824 ] } },
{ "type": "Feature", "properties": { "dName": "Moretti, Alide", "lastName": "Moretti", "firstName": "Alide", "prefix": "", "ptype": "person", "pcat": "Italian", "ocat": null, "jregion": "GV", "address": "15 Downing St", "blockid": "20230", "locid": "642", "lead": "5-4170", "label": null, "bldid": "13088", "offmap": "0", "jextras": "", "comment": null, "apt": "", "timestamp": "1702624680.250665", "auto": "0", "listype": "", "dirtype": "", "hint": "", "jhidden": 0, "jfrozen": 110, "jworking": "0", "source": "hlp_dropDead" }, "geometry": { "type": "Point", "coordinates": [ 983424.605879999580793, 205138.565569078869885 ] } },
{ "type": "Feature", "properties": { "dName": "Tomlin, Violet", "lastName": "Tomlin", "firstName": "Violet", "prefix": "", "ptype": "person", "pcat": "British", "ocat": null, "jregion": "BD", "address": "320 Central Park W.", "blockid": "15902", "locid": "1742", "lead": "4-9259", "label": null, "bldid": "63476", "offmap": "0", "jextras": "", "comment": null, "apt": "1a", "timestamp": "1702624654.981118", "auto": "0", "listype": "", "dirtype": "", "hint": "", "jhidden": 0, "jfrozen": 110, "jworking": "0", "source": "hlp_dropDead" }, "geometry": { "type": "Point", "coordinates": [ 993404.2744140625, 226689.12200927734375 ] } },
{ "type": "Feature", "properties": { "dName": "Babin, S.", "lastName": "Babin", "firstName": "Slainie", "prefix": "", "ptype": "person", "pcat": "French", "ocat": null, "jregion": "BD", "address": "320 Central Park W.", "blockid": "15902", "locid": "1742", "lead": "2-4867", "label": null, "bldid": "63476", "offmap": "0", "jextras": "", "comment": null, "apt": "4b", "timestamp": "1702624655.17516", "auto": "0", "listype": "private", "dirtype": "", "hint": "", "jhidden": 0, "jfrozen": 110, "jworking": "0", "source": "hlp_dropDead" }, "geometry": { "type": "Point", "coordinates": [ 993404.2744140625, 226689.12200927734375 ] } },
{ "type": "Feature", "properties": { "dName": "Glynn, H.", "lastName": "Glynn", "firstName": "Harold", "prefix": "", "ptype": "person", "pcat": "British", "ocat": null, "jregion": "BD", "address": "640 W. End Ave", "blockid": "20286", "locid": "1756", "lead": "1-1432", "label": null, "bldid": "39229", "offmap": "0", "jextras": "", "comment": null, "apt": "", "timestamp": "1702624657.780324", "auto": "0", "listype": "", "dirtype": "", "hint": "", "jhidden": 0, "jfrozen": 110, "jworking": "0", "source": "hlp_dropDead" }, "geometry": { "type": "Point", "coordinates": [ 991131.60526414855849, 227853.855722187290667 ] } },
{ "type": "Feature", "properties": { "dName": "Martinez-Plough, Phillip S", "lastName": "Martinez-Plough", "firstName": "Phillip S", "prefix": "", "ptype": "person", "pcat": "NatWhite", "ocat": null, "jregion": "BD", "address": "202 Riverside Dr", "blockid": "779", "locid": "1771", "lead": "4-1390", "label": null, "bldid": "39349", "offmap": "0", "jextras": "", "comment": null, "apt": "", "timestamp": "1702624655.038152", "auto": "0", "listype": "", "dirtype": "", "hint": "", "jhidden": 0, "jfrozen": 110, "jworking": "0", "source": "hlp_dropDead" }, "geometry": { "type": "Point", "coordinates": [ 990865.2198040636722, 228435.526384233118733 ] } },
{ "type": "Feature", "properties": { "dName": "Schiavone, Giancarlo", "lastName": "Schiavone", "firstName": "Giancarlo", "prefix": "", "ptype": "person", "pcat": "Italian", "ocat": null, "jregion": "GV", "address": "10 Downing St", "blockid": "22471", "locid": "629", "lead": "4-8456", "label": null, "bldid": "20138", "offmap": "0", "jextras": "", "comment": null, "apt": "1a", "timestamp": "1702624680.307237", "auto": "0", "listype": "", "dirtype": "", "hint": "", "jhidden": 0, "jfrozen": 110, "jworking": "0", "source": "hlp_hitGroundRunning" }, "geometry": { "type": "Point", "coordinates": [ 983470.760171230882406, 204979.811827079684008 ] } },
{ "type": "Feature", "properties": { "dName": "Yefremova, Cyril", "lastName": "Yefremova", "firstName": "Cyril", "prefix": "", "ptype": "person", "pcat": "Russian", "ocat": null, "jregion": "GV", "address": "10 Downing St", "blockid": "22471", "locid": "629", "lead": "6-2816", "label": null, "bldid": "20138", "offmap": "0", "jextras": "", "comment": null, "apt": "1b", "timestamp": "1702624680.452285", "auto": "0", "listype": "", "dirtype": "", "hint": "", "jhidden": 0, "jfrozen": 110, "jworking": "0", "source": "hlp_hitGroundRunning" }, "geometry": { "type": "Point", "coordinates": [ 983470.760171230882406, 204979.811827079684008 ] } },
{ "type": "Feature", "properties": { "dName": "Murphy, Micha", "lastName": "Murphy", "firstName": "Micha", "prefix": "", "ptype": "person", "pcat": "Irish", "ocat": null, "jregion": "GV", "address": "10 Downing St", "blockid": "22471", "locid": "629", "lead": "4-6369", "label": null, "bldid": "20138", "offmap": "0", "jextras": "", "comment": null, "apt": "1c", "timestamp": "1702624680.500292", "auto": "0", "listype": "", "dirtype": "", "hint": "", "jhidden": 0, "jfrozen": 110, "jworking": "0", "source": "hlp_hitGroundRunning" }, "geometry": { "type": "Point", "coordinates": [ 983470.760171230882406, 204979.811827079684008 ] } },
{ "type": "Feature", "properties": { "dName": "Saenz, G.", "lastName": "Saenz", "firstName": "Geraldo", "prefix": "", "ptype": "person", "pcat": "Hispanic", "ocat": null, "jregion": "LW", "address": "415 Greenwich St", "blockid": "14", "locid": "375", "lead": "4-5467", "label": null, "bldid": "11378", "offmap": "0", "jextras": "", "comment": null, "apt": "", "timestamp": "1702624711.829483", "auto": "0", "listype": "", "dirtype": "", "hint": "", "jhidden": 0, "jfrozen": 110, "jworking": "0", "source": "hlp_hitGroundRunning" }, "geometry": { "type": "Point", "coordinates": [ 981616.942134325974621, 202235.28768075859989 ] } },
{ "type": "Feature", "properties": { "dName": "Spelt, Bekir", "lastName": "Spelt", "firstName": "Bekir", "prefix": "", "ptype": "person", "pcat": "Dutch", "ocat": null, "jregion": "GV", "address": "10 Downing St", "blockid": "22471", "locid": "629", "lead": "8-2985", "label": null, "bldid": "20138", "offmap": "0", "jextras": "", "comment": null, "apt": "2a", "timestamp": "1702624680.570301", "auto": "0", "listype": "", "dirtype": "", "hint": "", "jhidden": 0, "jfrozen": 110, "jworking": "0", "source": "hlp_hitGroundRunning" }, "geometry": { "type": "Point", "coordinates": [ 983470.760171230882406, 204979.811827079684008 ] } },
{ "type": "Feature", "properties": { "dName": "Lucchese, Orazio", "lastName": "Lucchese", "firstName": "Orazio", "prefix": "", "ptype": "person", "pcat": "Italian", "ocat": null, "jregion": "GV", "address": "10 Downing St", "blockid": "22471", "locid": "629", "lead": "6-9660", "label": null, "bldid": "20138", "offmap": "0", "jextras": "", "comment": null, "apt": "2b", "timestamp": "1702624680.621301", "auto": "0", "listype": "", "dirtype": "", "hint": "", "jhidden": 0, "jfrozen": 110, "jworking": "0", "source": "hlp_hitGroundRunning" }, "geometry": { "type": "Point", "coordinates": [ 983470.760171230882406, 204979.811827079684008 ] } },
{ "type": "Feature", "properties": { "dName": "Greece, Clio", "lastName": "Greece", "firstName": "Clio", "prefix": "", "ptype": "person", "pcat": "Italian", "ocat": null, "jregion": "GV", "address": "10 Downing St", "blockid": "22471", "locid": "629", "lead": "7-7308", "label": null, "bldid": "20138", "offmap": "0", "jextras": "", "comment": null, "apt": "2c", "timestamp": "1702624680.701332", "auto": "0", "listype": "", "dirtype": "", "hint": "", "jhidden": 0, "jfrozen": 110, "jworking": "0", "source": "hlp_hitGroundRunning" }, "geometry": { "type": "Point", "coordinates": [ 983470.760171230882406, 204979.811827079684008 ] } },
{ "type": "Feature", "properties": { "dName": "Konovalov, P.", "lastName": "Konovalov", "firstName": "Paul", "prefix": "", "ptype": "person", "pcat": "Russian", "ocat": null, "jregion": "GV", "address": "10 Downing St", "blockid": "22471", "locid": "629", "lead": "7-4996", "label": null, "bldid": "20138", "offmap": "0", "jextras": "", "comment": null, "apt": "3a", "timestamp": "1702624680.735856", "auto": "0", "listype": "", "dirtype": "", "hint": "", "jhidden": 0, "jfrozen": 110, "jworking": "0", "source": "hlp_hitGroundRunning" }, "geometry": { "type": "Point", "coordinates": [ 983470.760171230882406, 204979.811827079684008 ] } },
{ "type": "Feature", "properties": { "dName": "Hyatt, Samuel", "lastName": "Hyatt", "firstName": "Samuel", "prefix": "", "ptype": "person", "pcat": "British", "ocat": null, "jregion": "GV", "address": "10 Downing St", "blockid": "22471", "locid": "629", "lead": "3-0648", "label": null, "bldid": "20138", "offmap": "0", "jextras": "", "comment": null, "apt": "3c", "timestamp": "1702624680.81288", "auto": "0", "listype": "", "dirtype": "", "hint": "", "jhidden": 0, "jfrozen": 110, "jworking": "0", "source": "hlp_hitGroundRunning" }, "geometry": { "type": "Point", "coordinates": [ 983470.760171230882406, 204979.811827079684008 ] } },
{ "type": "Feature", "properties": { "dName": "Ayala, D.", "lastName": "Ayala", "firstName": "Daniel J II", "prefix": "", "ptype": "person", "pcat": "NatWhite", "ocat": null, "jregion": "GV", "address": "10 Downing St", "blockid": "22471", "locid": "629", "lead": "4-2174", "label": null, "bldid": "20138", "offmap": "0", "jextras": "", "comment": null, "apt": "4a", "timestamp": "1702624680.835889", "auto": "0", "listype": "", "dirtype": "", "hint": "", "jhidden": 0, "jfrozen": 110, "jworking": "0", "source": "hlp_hitGroundRunning" }, "geometry": { "type": "Point", "coordinates": [ 983470.760171230882406, 204979.811827079684008 ] } },
{ "type": "Feature", "properties": { "dName": "Blaak, Claartje", "lastName": "Blaak", "firstName": "Claartje", "prefix": "", "ptype": "person", "pcat": "Dutch", "ocat": null, "jregion": "GV", "address": "10 Downing St", "blockid": "22471", "locid": "629", "lead": "7-4184", "label": null, "bldid": "20138", "offmap": "0", "jextras": "", "comment": null, "apt": "4b", "timestamp": "1702624680.843889", "auto": "0", "listype": "", "dirtype": "", "hint": "", "jhidden": 0, "jfrozen": 110, "jworking": "0", "source": "hlp_hitGroundRunning" }, "geometry": { "type": "Point", "coordinates": [ 983470.760171230882406, 204979.811827079684008 ] } },
{ "type": "Feature", "properties": { "dName": "Uvarova, Efimiya", "lastName": "Uvarova", "firstName": "Efimiya", "prefix": "", "ptype": "person", "pcat": "Russian", "ocat": null, "jregion": "GV", "address": "10 Downing St", "blockid": "22471", "locid": "629", "lead": "1-1267", "label": null, "bldid": "20138", "offmap": "0", "jextras": "", "comment": null, "apt": "4c", "timestamp": "1702624680.849889", "auto": "0", "listype": "", "dirtype": "", "hint": "", "jhidden": 0, "jfrozen": 110, "jworking": "0", "source": "hlp_hitGroundRunning" }, "geometry": { "type": "Point", "coordinates": [ 983470.760171230882406, 204979.811827079684008 ] } },
{ "type": "Feature", "properties": { "dName": "Calabrese, Giraldo", "lastName": "Calabrese", "firstName": "Giraldo", "prefix": "", "ptype": "person", "pcat": "Italian", "ocat": null, "jregion": "GV", "address": "10 Downing St", "blockid": "22471", "locid": "629", "lead": "3-3254", "label": null, "bldid": "20138", "offmap": "0", "jextras": "", "comment": null, "apt": "5a", "timestamp": "1702624682.070786", "auto": "0", "listype": "", "dirtype": "", "hint": "", "jhidden": 0, "jfrozen": 110, "jworking": "0", "source": "hlp_hitGroundRunning" }, "geometry": { "type": "Point", "coordinates": [ 983470.760171230882406, 204979.811827079684008 ] } },
{ "type": "Feature", "properties": { "dName": "Alarcon, C.", "lastName": "Alarcon", "firstName": "Christi A", "prefix": "", "ptype": "person", "pcat": "NatWhite", "ocat": null, "jregion": "GV", "address": "14 Bedford St", "blockid": "22471", "locid": "629", "lead": "6-7454", "label": null, "bldid": "13037", "offmap": "0", "jextras": "", "comment": null, "apt": "", "timestamp": "1702624681.719124", "auto": "0", "listype": "", "dirtype": "", "hint": "", "jhidden": 0, "jfrozen": 110, "jworking": "0", "source": "hlp_hitGroundRunning" }, "geometry": { "type": "Point", "coordinates": [ 983326.070138928946108, 204927.418406210432295 ] } },
{ "type": "Feature", "properties": { "dName": "Bohnert, Fred C", "lastName": "Bohnert", "firstName": "Fred C", "prefix": "", "ptype": "person", "pcat": "NatWhite", "ocat": null, "jregion": "GV", "address": "26 Downing St", "blockid": "22471", "locid": "629", "lead": "3-4917", "label": null, "bldid": "13052", "offmap": "0", "jextras": "", "comment": null, "apt": "", "timestamp": "1702624680.941907", "auto": "0", "listype": "", "dirtype": "", "hint": "", "jhidden": 0, "jfrozen": 110, "jworking": "0", "source": "hlp_hitGroundRunning" }, "geometry": { "type": "Point", "coordinates": [ 983352.929526777355932, 204994.825310381886084 ] } },
{ "type": "Feature", "properties": { "dName": "Hernandez, J.", "lastName": "Hernandez", "firstName": "Justo", "prefix": "", "ptype": "person", "pcat": "NatWhite", "ocat": null, "jregion": "GV", "address": "176 W. Houston St", "blockid": "22471", "locid": "629", "lead": "4-8856", "label": null, "bldid": "12993", "offmap": "0", "jextras": "", "comment": null, "apt": "", "timestamp": "1702624682.272796", "auto": "0", "listype": "", "dirtype": "", "hint": "", "jhidden": 0, "jfrozen": 110, "jworking": "0", "source": "hlp_hitGroundRunning" }, "geometry": { "type": "Point", "coordinates": [ 983418.317580046365038, 204799.201176445756573 ] } },
{ "type": "Feature", "properties": { "dName": "Mooney, Leisha", "lastName": "Mooney", "firstName": "Leisha", "prefix": "", "ptype": "person", "pcat": "Irish", "ocat": null, "jregion": "GV", "address": "278 Bleecker St", "blockid": "26796", "locid": "682", "lead": "6-3439", "label": null, "bldid": "13297", "offmap": "0", "jextras": "", "comment": null, "apt": "", "timestamp": "1702624680.172849", "auto": "0", "listype": "", "dirtype": "", "hint": "", "jhidden": 0, "jfrozen": 110, "jworking": "0", "source": "hlp_hitGroundRunning" }, "geometry": { "type": "Point", "coordinates": [ 983313.792988669709302, 205805.38738110876875 ] } },
{ "type": "Feature", "properties": { "dName": "Murphy, Finula", "lastName": "Murphy", "firstName": "Finula", "prefix": "", "ptype": "person", "pcat": "Irish", "ocat": null, "jregion": "HK", "address": "500 W. 51st St", "blockid": "387", "locid": "1467", "lead": "5-4202", "label": null, "bldid": "32714", "offmap": "0", "jextras": "", "comment": null, "apt": "", "timestamp": "1702624685.164786", "auto": "0", "listype": "", "dirtype": "", "hint": "", "jhidden": 0, "jfrozen": 110, "jworking": "0", "source": "hlp_hitGroundRunning" }, "geometry": { "type": "Point", "coordinates": [ 986459.277988843154162, 218061.265098954550922 ] } },
{ "type": "Feature", "properties": { "dName": "Padovano, G.", "lastName": "Padovano", "firstName": "Girolamo", "prefix": "", "ptype": "person", "pcat": "Italian", "ocat": null, "jregion": "GP", "address": "22 Gramercy Park S.", "blockid": "33409", "locid": "768", "lead": "5-5443", "label": null, "bldid": "21269", "offmap": "0", "jextras": "", "comment": null, "apt": "", "timestamp": "1702624680.05214", "auto": "0", "listype": "", "dirtype": "", "hint": "", "jhidden": 0, "jfrozen": 110, "jworking": "0", "source": "hlp_hitGroundRunning" }, "geometry": { "type": "Point", "coordinates": [ 988155.113721351721324, 207899.459786814550171 ] } }
]
}
