{
"type": "FeatureCollection",
"crs": { "type": "name", "properties": { "name": "urn:ogc:def:crs:EPSG::2263" } },
"features": [
{ "type": "Feature", "properties": { "dName": "A1 Carriage and Cab", "lastName": "", "firstName": null, "prefix": "", "ptype": "yellow", "pcat": "Cabs", "ocat": null, "jregion": "UW", "address": "51 W. 83rd St", "blockid": "706", "locid": "1624", "lead": "6-9195", "label": null, "bldid": "35937", "offmap": "0", "jextras": null, "comment": null, "apt": null, "timestamp": "1702626391.975487", "auto": "0", "listype": "", "dirtype": "", "hint": "", "jhidden": 0, "jfrozen": 110, "jworking": "0", "source": "hlp_wrongBook", "jborocode": null, "tags": null }, "geometry": { "type": "Point", "coordinates": [ 991884.759335320210084, 225001.916158946143696 ] } },
{ "type": "Feature", "properties": { "dName": "The E. 51st St Church", "lastName": "E. 51st St Church", "firstName": null, "prefix": "The", "ptype": "yellow", "pcat": "Churches", "ocat": null, "jregion": "TB", "address": "455 E. 51st St", "blockid": "22569", "locid": "1251", "lead": "1-3563", "label": null, "bldid": "22696", "offmap": "0", "jextras": null, "comment": null, "apt": null, "timestamp": "1702626380.731646", "auto": "0", "listype": "", "dirtype": "", "hint": "", "jhidden": 0, "jfrozen": 110, "jworking": "0", "source": "hlp_wrongBook", "jborocode": null, "tags": null }, "geometry": { "type": "Point", "coordinates": [ 994296.048287179786712, 213956.848947169375606 ] } },
{ "type": "Feature", "properties": { "dName": "Klitnick and Brother Ice Cream", "lastName": "", "firstName": null, "prefix": "", "ptype": "yellow", "pcat": "Ice Cream", "ocat": null, "jregion": "TB", "address": "590 Lexington Ave", "blockid": "22570", "locid": "1283", "lead": "3-0506", "label": null, "bldid": "61577", "offmap": "0", "jextras": null, "comment": null, "apt": null, "timestamp": "1702626196.557164", "auto": "0", "listype": "", "dirtype": "", "hint": "", "jhidden": 0, "jfrozen": 110, "jworking": "0", "source": "hlp_wrongBook", "jborocode": null, "tags": null }, "geometry": { "type": "Point", "coordinates": [ 992067.178384761558846, 215285.01520270659239 ] } },
{ "type": "Feature", "properties": { "dName": "Turtle Bay Elementary", "lastName": "", "firstName": null, "prefix": "", "ptype": "yellow", "pcat": "Elementary Schools", "ocat": null, "jregion": "TB", "address": "345 Park Ave", "blockid": "22570", "locid": "1283", "lead": "7-1778", "label": null, "bldid": "61586", "offmap": "0", "jextras": null, "comment": null, "apt": null, "timestamp": "1702626454.023881", "auto": "0", "listype": "", "dirtype": "", "hint": "", "jhidden": 0, "jfrozen": 110, "jworking": "0", "source": "hlp_wrongBook", "jborocode": null, "tags": null }, "geometry": { "type": "Point", "coordinates": [ 991770.568052332499065, 215477.266986487666145 ] } },
{ "type": "Feature", "properties": { "dName": "Wyckoff's Rare Books", "lastName": "", "firstName": null, "prefix": "", "ptype": "yellow", "pcat": "Booksellers", "ocat": null, "jregion": "EV", "address": "60 3rd Ave", "blockid": "333", "locid": "720", "lead": "2-8549", "label": null, "bldid": "20717", "offmap": "0", "jextras": null, "comment": null, "apt": null, "timestamp": "1702626049.736329", "auto": "0", "listype": "", "dirtype": "", "hint": "", "jhidden": 0, "jfrozen": 110, "jworking": "0", "source": "hlp_wrongBook", "jborocode": null, "tags": null }, "geometry": { "type": "Point", "coordinates": [ 987281.825274003553204, 205678.064295790711185 ] } },
{ "type": "Feature", "properties": { "dName": "Iyona's Real Estate", "lastName": "", "firstName": null, "prefix": "", "ptype": "yellow", "pcat": "Real Estate", "ocat": null, "jregion": "BO", "address": "63 Allen St", "blockid": "15800", "locid": "197", "lead": "5-4089", "label": null, "bldid": "54788", "offmap": "0", "jextras": null, "comment": null, "apt": null, "timestamp": "1702626340.036477", "auto": "0", "listype": "", "dirtype": "", "hint": "", "jhidden": 0, "jfrozen": 110, "jworking": "0", "source": "hlp_wrongBook", "jborocode": null, "tags": null }, "geometry": { "type": "Point", "coordinates": [ 986539.835267966263928, 200546.255652038176777 ] } },
{ "type": "Feature", "properties": { "dName": "Wannemaker and Son Rare Books", "lastName": "", "firstName": null, "prefix": "", "ptype": "yellow", "pcat": "Booksellers", "ocat": null, "jregion": "TL", "address": "868 6th Ave", "blockid": "523", "locid": "1037", "lead": "3-5394", "label": null, "bldid": "59304", "offmap": "0", "jextras": null, "comment": null, "apt": null, "timestamp": "1702626048.865329", "auto": "0", "listype": "", "dirtype": "", "hint": "", "jhidden": 0, "jfrozen": 110, "jworking": "0", "source": "hlp_wrongBook", "jborocode": null, "tags": null }, "geometry": { "type": "Point", "coordinates": [ 987250.368405672954395, 211637.41447723004967 ] } },
{ "type": "Feature", "properties": { "dName": "Cremonesi's Pawnbroker", "lastName": "", "firstName": null, "prefix": "", "ptype": "yellow", "pcat": "Pawnbrokers", "ocat": null, "jregion": "EV", "address": "72 Allen St", "blockid": "276", "locid": "2784", "lead": "3-4452", "label": null, "bldid": "53599", "offmap": "0", "jextras": null, "comment": null, "apt": null, "timestamp": "1702626302.33855", "auto": "0", "listype": "", "dirtype": "", "hint": "", "jhidden": 0, "jfrozen": 110, "jworking": "0", "source": "hlp_wrongBook", "jborocode": null, "tags": null }, "geometry": { "type": "Point", "coordinates": [ 986769.344813151285052, 200718.11902454457595 ] } },
{ "type": "Feature", "properties": { "dName": "Central City Taxi", "lastName": "", "firstName": null, "prefix": "", "ptype": "yellow", "pcat": "Cabs", "ocat": null, "jregion": "TB", "address": "156 E. 45th St", "blockid": "1235", "locid": "929", "lead": "2-3482", "label": null, "bldid": "60257", "offmap": "0", "jextras": null, "comment": null, "apt": null, "timestamp": "1702626392.236448", "auto": "0", "listype": "", "dirtype": "", "hint": "", "jhidden": 0, "jfrozen": 110, "jworking": "0", "source": "hlp_wrongBook", "jborocode": null, "tags": null }, "geometry": { "type": "Point", "coordinates": [ 991626.062806941918097, 213517.731387846142752 ] } },
{ "type": "Feature", "properties": { "dName": "Carnegie Mansion Taxicabs", "lastName": "", "firstName": null, "prefix": "", "ptype": "yellow", "pcat": "Cabs", "ocat": null, "jregion": "CM", "address": "1432 Lexington Ave", "blockid": "173", "locid": "2119", "lead": "5-0470", "label": null, "bldid": "41068", "offmap": "0", "jextras": null, "comment": null, "apt": null, "timestamp": "1702626394.598324", "auto": "0", "listype": "", "dirtype": "", "hint": "", "jhidden": 0, "jfrozen": 110, "jworking": "0", "source": "hlp_wrongBook", "jborocode": null, "tags": null }, "geometry": { "type": "Point", "coordinates": [ 997457.694981641601771, 225022.073752345633693 ] } },
{ "type": "Feature", "properties": { "dName": "Speedy Citywide Parcels", "lastName": "", "firstName": null, "prefix": "", "ptype": "yellow", "pcat": "Shipping", "ocat": null, "jregion": "CM", "address": "129 E. 94th St", "blockid": "22442", "locid": "2120", "lead": "2-0387", "label": null, "bldid": "41168", "offmap": "0", "jextras": null, "comment": null, "apt": null, "timestamp": "1702626357.161307", "auto": "0", "listype": "", "dirtype": "", "hint": "", "jhidden": 0, "jfrozen": 110, "jworking": "0", "source": "hlp_wrongBook", "jborocode": null, "tags": null }, "geometry": { "type": "Point", "coordinates": [ 997431.595930065028369, 225261.093103195307776 ] } },
{ "type": "Feature", "properties": { "dName": "Phoenix Safe Company", "lastName": "", "firstName": null, "prefix": "", "ptype": "yellow", "pcat": "Locksmiths", "ocat": null, "jregion": "CM", "address": "128 E. 86th St", "blockid": "29025", "locid": "2085", "lead": "1-2791", "label": null, "bldid": "40689", "offmap": "0", "jextras": null, "comment": null, "apt": null, "timestamp": "1702626241.420276", "auto": "0", "listype": "", "dirtype": "", "hint": "", "jhidden": 0, "jfrozen": 110, "jworking": "0", "source": "hlp_wrongBook", "jborocode": null, "tags": null }, "geometry": { "type": "Point", "coordinates": [ 996426.000962808495387, 223225.756288716103882 ] } },
{ "type": "Feature", "properties": { "dName": "Lehigh Safe & Lock Company", "lastName": "", "firstName": null, "prefix": "", "ptype": "yellow", "pcat": "Locksmiths", "ocat": null, "jregion": "TS", "address": "59 E. 54th St", "blockid": "31313", "locid": "1314", "lead": "8-6264", "label": null, "bldid": "31468", "offmap": "0", "jextras": null, "comment": null, "apt": null, "timestamp": "1702626241.163267", "auto": "0", "listype": "", "dirtype": "", "hint": "", "jhidden": 0, "jfrozen": 110, "jworking": "0", "source": "hlp_wrongBook", "jborocode": null, "tags": null }, "geometry": { "type": "Point", "coordinates": [ 991779.103562876582146, 216235.995393624063581 ] } },
{ "type": "Feature", "properties": { "dName": "Consulate of India", "lastName": "", "firstName": null, "prefix": "", "ptype": "yellow", "pcat": "Embassies", "ocat": null, "jregion": "HK", "address": "458 12th Ave", "blockid": "29071", "locid": "1560", "lead": "5-6094", "label": null, "bldid": "26227", "offmap": "0", "jextras": null, "comment": null, "apt": null, "timestamp": "1702625971.523433", "auto": "0", "listype": "", "dirtype": "", "hint": "", "jhidden": 0, "jfrozen": 110, "jworking": "0", "source": "hlp_wrongBook", "jborocode": null, "tags": null }, "geometry": { "type": "Point", "coordinates": [ 983928.408390978467651, 216139.584667148679728 ] } },
{ "type": "Feature", "properties": { "dName": "Classic Hats and Headwear", "lastName": "", "firstName": null, "prefix": "", "ptype": "yellow", "pcat": "Hats", "ocat": null, "jregion": "CM", "address": "161 E. 82nd St", "blockid": "22549", "locid": "1604", "lead": "1-7000", "label": null, "bldid": "29661", "offmap": "0", "jextras": null, "comment": null, "apt": null, "timestamp": "1702626187.928379", "auto": "0", "listype": "", "dirtype": "", "hint": "", "jhidden": 0, "jfrozen": 0, "jworking": "0", "source": "hlp_wrongBook", "jborocode": null, "tags": null }, "geometry": { "type": "Point", "coordinates": [ 996253.239937252365053, 222265.228926134674111 ] } },
{ "type": "Feature", "properties": { "dName": "Affordable Room & Board", "lastName": "", "firstName": null, "prefix": "", "ptype": "yellow", "pcat": "Boarding Houses", "ocat": null, "jregion": "GV", "address": "17 Downing St", "blockid": "20230", "locid": "642", "lead": "7-5566", "label": null, "bldid": "13088", "offmap": "0", "jextras": "", "comment": null, "apt": "", "timestamp": "1702624680.250665", "auto": "0", "listype": "", "dirtype": "", "hint": "", "jhidden": 0, "jfrozen": 110, "jworking": "0", "source": "hlp_dropDead", "jborocode": null, "tags": null }, "geometry": { "type": "Point", "coordinates": [ 983424.605879999580793, 205138.565569078869885 ] } },
{ "type": "Feature", "properties": { "dName": "The Cosy Cadence", "lastName": "Cosy Cadence", "firstName": null, "prefix": "The", "ptype": "yellow", "pcat": "Bars", "ocat": null, "jregion": "BD", "address": "2504 Broadway", "blockid": "20287", "locid": "1758", "lead": "3-2470", "label": null, "bldid": "39191", "offmap": "0", "jextras": null, "comment": null, "apt": null, "timestamp": "1702626021.872885", "auto": "0", "listype": "", "dirtype": "", "hint": "", "jhidden": 0, "jfrozen": 110, "jworking": "0", "source": "hlp_dropDead", "jborocode": null, "tags": null }, "geometry": { "type": "Point", "coordinates": [ 991811.717551458161324, 228082.00810311047826 ] } },
{ "type": "Feature", "properties": { "dName": "Glynn's P.I.", "lastName": "", "firstName": null, "prefix": "", "ptype": "yellow", "pcat": "Detectives", "ocat": null, "jregion": "BD", "address": "255 W. 91st St", "blockid": "20286", "locid": "1756", "lead": "1-3397", "label": null, "bldid": "39214", "offmap": "0", "jextras": null, "comment": null, "apt": null, "timestamp": "1702626109.24518", "auto": "0", "listype": "", "dirtype": "", "hint": "", "jhidden": 0, "jfrozen": 110, "jworking": "0", "source": "hlp_dropDead", "jborocode": null, "tags": null }, "geometry": { "type": "Point", "coordinates": [ 991231.264645203948021, 227789.23735842097085 ] } },
{ "type": "Feature", "properties": { "dName": "Hanover Bank", "lastName": "", "firstName": null, "prefix": "", "ptype": "yellow", "pcat": "Banks", "ocat": null, "jregion": "LW", "address": "550 Broome St", "blockid": "406", "locid": "426", "lead": "5-1658", "label": null, "bldid": "11596", "offmap": "0", "jextras": null, "comment": null, "apt": null, "timestamp": "1702626017.868004", "auto": "0", "listype": "", "dirtype": "", "hint": "", "jhidden": 0, "jfrozen": 110, "jworking": "0", "source": "hlp_dropDead", "jborocode": null, "tags": null }, "geometry": { "type": "Point", "coordinates": [ 982794.055146850063466, 203235.325903048622422 ] } },
{ "type": "Feature", "properties": { "dName": "Mount Morris Bank", "lastName": "", "firstName": null, "prefix": "", "ptype": "yellow", "pcat": "Banks", "ocat": null, "jregion": "BD", "address": "254 W. 93rd St", "blockid": "772", "locid": "1769", "lead": "8-2014", "label": null, "bldid": "39245", "offmap": "0", "jextras": null, "comment": null, "apt": null, "timestamp": "1702626018.184014", "auto": "0", "listype": "", "dirtype": "", "hint": "", "jhidden": 0, "jfrozen": 110, "jworking": "0", "source": "hlp_dropDead", "jborocode": null, "tags": null }, "geometry": { "type": "Point", "coordinates": [ 991457.839439916075207, 228129.058787589659914 ] } },
{ "type": "Feature", "properties": { "dName": "Aliyev's Gallery", "lastName": "", "firstName": null, "prefix": "", "ptype": "yellow", "pcat": "Galleries", "ocat": null, "jregion": "EV", "address": "217 E. 11th St", "blockid": "377", "locid": "719", "lead": "4-3488", "label": null, "bldid": "20723", "offmap": "0", "jextras": null, "comment": null, "apt": null, "timestamp": "1702625994.530433", "auto": "0", "listype": "", "dirtype": "", "hint": "", "jhidden": 0, "jfrozen": 110, "jworking": "0", "source": "hlp_dropDead", "jborocode": null, "tags": null }, "geometry": { "type": "Point", "coordinates": [ 987670.825586356106214, 205635.044179559423355 ] } },
{ "type": "Feature", "properties": { "dName": "Rainbow Taxi Service", "lastName": "", "firstName": null, "prefix": "", "ptype": "yellow", "pcat": "Cabs", "ocat": null, "jregion": "GV", "address": "12 Perry St", "blockid": "239", "locid": "842", "lead": "5-2757", "label": null, "bldid": "57524", "offmap": "0", "jextras": null, "comment": null, "apt": null, "timestamp": "1702626391.423064", "auto": "0", "listype": "", "dirtype": "", "hint": "", "jhidden": 0, "jfrozen": 110, "jworking": "0", "source": "hlp_dropDead", "jborocode": null, "tags": null }, "geometry": { "type": "Point", "coordinates": [ 983869.140631022281013, 207330.293744355527451 ] } },
{ "type": "Feature", "properties": { "dName": "Bloomingdale Taxicabs", "lastName": "", "firstName": null, "prefix": "", "ptype": "yellow", "pcat": "Cabs", "ocat": null, "jregion": "BD", "address": "2755 Broadway", "blockid": "29131", "locid": "1818", "lead": "6-4869", "label": null, "bldid": "39619", "offmap": "0", "jextras": null, "comment": null, "apt": null, "timestamp": "1702626394.46629", "auto": "0", "listype": "", "dirtype": "", "hint": "", "jhidden": 0, "jfrozen": 110, "jworking": "0", "source": "hlp_dropDead", "jborocode": null, "tags": null }, "geometry": { "type": "Point", "coordinates": [ 993015.819007345824502, 231216.596938019152731 ] } },
{ "type": "Feature", "properties": { "dName": "Dufton and Brother Boarding Houses", "lastName": "", "firstName": null, "prefix": "", "ptype": "yellow", "pcat": "Boarding Houses", "ocat": null, "jregion": "BD", "address": "2721 Broadway", "blockid": "18159", "locid": "1815", "lead": "7-5485", "label": null, "bldid": "64514", "offmap": "0", "jextras": null, "comment": null, "apt": null, "timestamp": "1702626037.747476", "auto": "0", "listype": "", "dirtype": "", "hint": "", "jhidden": 0, "jfrozen": 110, "jworking": "0", "source": "hlp_dropDead", "jborocode": null, "tags": null }, "geometry": { "type": "Point", "coordinates": [ 992993.345315383863635, 230732.209163866733434 ] } },
{ "type": "Feature", "properties": { "dName": "Martinez-Plough's Gallery", "lastName": "", "firstName": null, "prefix": "", "ptype": "yellow", "pcat": "Galleries", "ocat": null, "jregion": "BD", "address": "303 W. 92nd St", "blockid": "779", "locid": "1771", "lead": "5-1662", "label": null, "bldid": "39238", "offmap": "0", "jextras": null, "comment": null, "apt": null, "timestamp": "1702625993.136434", "auto": "0", "listype": "", "dirtype": "", "hint": "", "jhidden": 0, "jfrozen": 110, "jworking": "0", "source": "hlp_dropDead", "jborocode": null, "tags": null }, "geometry": { "type": "Point", "coordinates": [ 991097.777245767181739, 228182.499918350338703 ] } },
{ "type": "Feature", "properties": { "dName": "Gingerbread Dreams", "lastName": "", "firstName": null, "prefix": "", "ptype": "yellow", "pcat": "Bakeries", "ocat": null, "jregion": "CC", "address": "21 Murray St", "blockid": "22450", "locid": "255", "lead": "8-1834", "label": null, "bldid": "10554", "offmap": "0", "jextras": null, "comment": null, "apt": null, "timestamp": "1702626013.725306", "auto": "0", "listype": "", "dirtype": "", "hint": "", "jhidden": 0, "jfrozen": 110, "jworking": "0", "source": "hlp_hitGroundRunning", "jborocode": null, "tags": null }, "geometry": { "type": "Point", "coordinates": [ 981983.185705173411407, 199321.31031125120353 ] } },
{ "type": "Feature", "properties": { "dName": "Morgan Guaranty Trust Company", "lastName": "", "firstName": null, "prefix": "", "ptype": "yellow", "pcat": "Banks", "ocat": null, "jregion": "GV", "address": "721 Broadway", "blockid": "22466", "locid": "702", "lead": "2-7393", "label": null, "bldid": "56947", "offmap": "0", "jextras": null, "comment": null, "apt": null, "timestamp": "1702626018.105015", "auto": "0", "listype": "", "dirtype": "", "hint": "", "jhidden": 0, "jfrozen": 110, "jworking": "0", "source": "hlp_hitGroundRunning", "jborocode": null, "tags": null }, "geometry": { "type": "Point", "coordinates": [ 986030.178898056503385, 205041.47274360130541 ] } },
{ "type": "Feature", "properties": { "dName": "Atlantic National Bank", "lastName": "", "firstName": null, "prefix": "", "ptype": "yellow", "pcat": "Banks", "ocat": null, "jregion": "HK", "address": "811 10th Ave", "blockid": "388", "locid": "1492", "lead": "6-0904", "label": null, "bldid": "61999", "offmap": "0", "jextras": null, "comment": null, "apt": null, "timestamp": "1702626016.83414", "auto": "0", "listype": "", "dirtype": "", "hint": "", "jhidden": 0, "jfrozen": 110, "jworking": "0", "source": "hlp_hitGroundRunning", "jborocode": null, "tags": null }, "geometry": { "type": "Point", "coordinates": [ 986872.483782171620987, 218624.181269458902534 ] } },
{ "type": "Feature", "properties": { "dName": "NYPD - Counterintelligence Unit", "lastName": "", "firstName": null, "prefix": "", "ptype": "yellow", "pcat": "Police Special Offices", "ocat": null, "jregion": "CC", "address": "107 Franklin St", "blockid": "23", "locid": "328", "lead": "3-8976", "label": null, "bldid": "11101", "offmap": "0", "jextras": null, "comment": null, "apt": null, "timestamp": "1702626442.846375", "auto": "0", "listype": "", "dirtype": "", "hint": "", "jhidden": 0, "jfrozen": 110, "jworking": "0", "source": "hlp_hitGroundRunning", "jborocode": null, "tags": null }, "geometry": { "type": "Point", "coordinates": [ 982559.817524575046264, 201003.757363992976025 ] } },
{ "type": "Feature", "properties": { "dName": "First Stop Pawnbrokers", "lastName": "", "firstName": null, "prefix": "", "ptype": "yellow", "pcat": "Pawnbrokers", "ocat": null, "jregion": "BO", "address": "309 Mott St", "blockid": "316", "locid": "485", "lead": "5-2297", "label": null, "bldid": "12721", "offmap": "0", "jextras": null, "comment": null, "apt": null, "timestamp": "1707696427.1426895", "auto": "0", "listype": "", "dirtype": "", "hint": "", "jhidden": 0, "jfrozen": 110, "jworking": "0", "source": "hlp_wrongBook", "jborocode": null, "tags": null }, "geometry": { "type": "Point", "coordinates": [ 985871.843152306159027, 203500.072118940239307 ] } },
{ "type": "Feature", "properties": { "dName": "The Bowery Pawnbroker", "lastName": "Bowery Pawnbroker", "firstName": null, "prefix": "The", "ptype": "yellow", "pcat": "Pawnbrokers", "ocat": null, "jregion": "BO", "address": "300 Bowery", "blockid": "24586", "locid": "482", "lead": "2-4289", "label": null, "bldid": "12697", "offmap": "0", "jextras": null, "comment": null, "apt": null, "timestamp": "1707696438.7530105", "auto": "0", "listype": "", "dirtype": "", "hint": "", "jhidden": 0, "jfrozen": 110, "jworking": "0", "source": "hlp_wrongBook", "jborocode": null, "tags": null }, "geometry": { "type": "Point", "coordinates": [ 986241.176163305412047, 203291.096455810038606 ] } },
{ "type": "Feature", "properties": { "dName": "Empire Pawnbrokers", "lastName": "", "firstName": null, "prefix": "", "ptype": "yellow", "pcat": "Pawnbrokers", "ocat": null, "jregion": "BO", "address": "148 Forsyth St", "blockid": "31176", "locid": "437", "lead": "1-4219", "label": null, "bldid": "11875", "offmap": "0", "jextras": null, "comment": null, "apt": null, "timestamp": "1707696426.9676895", "auto": "0", "listype": "", "dirtype": "", "hint": "", "jhidden": 0, "jfrozen": 110, "jworking": "0", "source": "hlp_wrongBook", "jborocode": null, "tags": null }, "geometry": { "type": "Point", "coordinates": [ 986573.603721398045309, 201720.955435498297447 ] } },
{ "type": "Feature", "properties": { "dName": "W. 48th St Pawn", "lastName": "W. 48th St Pawn", "firstName": null, "prefix": "", "ptype": "yellow", "pcat": "Pawnbrokers", "ocat": null, "jregion": "TS", "address": "25 W. 48th St", "blockid": "29142", "locid": "1221", "lead": "5-8382", "label": null, "bldid": "61037", "offmap": "0", "jextras": null, "comment": null, "apt": null, "timestamp": "1707696441.2215207", "auto": "0", "listype": "", "dirtype": "", "hint": "", "jhidden": 0, "jfrozen": 110, "jworking": "0", "source": "hlp_wrongBook", "jborocode": null, "tags": null }, "geometry": { "type": "Point", "coordinates": [ 989727.125721111544408, 215544.398030207521515 ] } },
{ "type": "Feature", "properties": { "dName": "NYPD - Chief Medical Examiner", "lastName": "", "firstName": null, "prefix": "", "ptype": "yellow", "pcat": "Police Laboratories", "ocat": null, "jregion": "CC", "address": "245 Greenwich St", "blockid": "31164", "locid": "271", "lead": "4-7384", "label": null, "bldid": "52978", "offmap": "0", "jextras": null, "comment": null, "apt": null, "timestamp": "1707696657.2013991", "auto": "0", "listype": "", "dirtype": "", "hint": "", "jhidden": 0, "jfrozen": 110, "jworking": "0", "source": "hlp_wrongBook", "jborocode": null, "tags": null }, "geometry": { "type": "Point", "coordinates": [ 981083.770088639575988, 199366.969813756702933 ] } },
{ "type": "Feature", "properties": { "dName": "Chua's Pawn", "lastName": "", "firstName": null, "prefix": "", "ptype": "yellow", "pcat": "Pawnbrokers", "ocat": null, "jregion": "CT", "address": "38 James St", "blockid": "60", "locid": "134", "lead": "6-4116", "label": null, "bldid": "16705", "offmap": "0", "jextras": null, "comment": null, "apt": null, "timestamp": "1711583883.4572885", "auto": "0", "listype": "", "dirtype": "", "hint": "", "jhidden": 0, "jfrozen": 110, "jworking": "0", "source": "hlp_wrongBookB", "jborocode": null, "tags": null }, "geometry": { "type": "Point", "coordinates": [ 987133.85255755612161, 200318.352798925334355 ] } },
{ "type": "Feature", "properties": { "dName": "Qi's Pawn", "lastName": "", "firstName": null, "prefix": "", "ptype": "yellow", "pcat": "Pawnbrokers", "ocat": null, "jregion": "CT", "address": "51 Monroe St", "blockid": "28988", "locid": "141", "lead": "2-7346", "label": null, "bldid": "15591", "offmap": "0", "jextras": null, "comment": null, "apt": null, "timestamp": "1711583884.8682222", "auto": "0", "listype": "", "dirtype": "", "hint": "", "jhidden": 0, "jfrozen": 110, "jworking": "0", "source": "hlp_wrongBookB", "jborocode": null, "tags": null }, "geometry": { "type": "Point", "coordinates": [ 986013.297468439443037, 198622.305824543640483 ] } }
]
}
