{
"type": "FeatureCollection",
"crs": { "type": "name", "properties": { "name": "urn:ogc:def:crs:EPSG::2263" } },
"features": [
{ "type": "Feature", "properties": { "dName": "Brooklyn Navy Yard", "lastName": "", "firstName": null, "prefix": null, "ptype": "poi", "pcat": "~Off Map>Islands", "jregion": "", "address": "", "blockid": -1, "locid": -1, "lead": "2-9615", "label": "nan", "offmap": 1.0, "jextras": null, "comment": null, "apt": "nan", "jhidden": 0, "jfrozen": 0, "jworking": 0.0, "jborocode": 0, "bldid": -1, "listype": "", "dirtype": "", "ocat": "" }, "geometry": null },
{ "type": "Feature", "properties": { "dName": "Blackwell's Welfare Island", "lastName": "", "firstName": null, "prefix": null, "ptype": "poi", "pcat": "~Off Map>Islands", "jregion": "", "address": "", "blockid": -1, "locid": -1, "lead": "5-5941", "label": "nan", "offmap": 1.0, "jextras": null, "comment": null, "apt": "nan", "jhidden": 0, "jfrozen": 0, "jworking": 0.0, "jborocode": 0, "bldid": -1, "listype": "", "dirtype": "", "ocat": "" }, "geometry": null },
{ "type": "Feature", "properties": { "dName": "Governor's Island", "lastName": "", "firstName": null, "prefix": null, "ptype": "poi", "pcat": "~Off Map>Islands", "jregion": "", "address": "", "blockid": -1, "locid": -1, "lead": "6-0766", "label": "nan", "offmap": 1.0, "jextras": null, "comment": null, "apt": "nan", "jhidden": 0, "jfrozen": 0, "jworking": 0.0, "jborocode": 0, "bldid": -1, "listype": "", "dirtype": "", "ocat": "" }, "geometry": null },
{ "type": "Feature", "properties": { "dName": "Randall's Island", "lastName": "", "firstName": null, "prefix": null, "ptype": "poi", "pcat": "~Off Map>Islands", "jregion": "", "address": "", "blockid": -1, "locid": -1, "lead": "8-4350", "label": "nan", "offmap": 1.0, "jextras": null, "comment": null, "apt": "nan", "jhidden": 0, "jfrozen": 0, "jworking": 0.0, "jborocode": 0, "bldid": -1, "listype": "", "dirtype": "", "ocat": "" }, "geometry": null },
{ "type": "Feature", "properties": { "dName": "Ward's Island", "lastName": "", "firstName": null, "prefix": null, "ptype": "poi", "pcat": "~Off Map>Islands", "jregion": "", "address": "", "blockid": -1, "locid": -1, "lead": "6-8436", "label": "nan", "offmap": 1.0, "jextras": null, "comment": null, "apt": "nan", "jhidden": 0, "jfrozen": 0, "jworking": 0.0, "jborocode": 0, "bldid": -1, "listype": "", "dirtype": "", "ocat": "" }, "geometry": null },
{ "type": "Feature", "properties": { "dName": "Bedloe's Island", "lastName": "", "firstName": null, "prefix": null, "ptype": "poi", "pcat": "~Off Map>Islands", "jregion": "", "address": "", "blockid": -1, "locid": -1, "lead": "3-2924", "label": "nan", "offmap": 1.0, "jextras": null, "comment": null, "apt": "nan", "jhidden": 0, "jfrozen": 0, "jworking": 0.0, "jborocode": 0, "bldid": -1, "listype": "", "dirtype": "", "ocat": "" }, "geometry": null },
{ "type": "Feature", "properties": { "dName": "Ellis Island", "lastName": "", "firstName": null, "prefix": null, "ptype": "poi", "pcat": "~Off Map>Islands", "jregion": "", "address": "", "blockid": -1, "locid": -1, "lead": "8-4103", "label": "nan", "offmap": 1.0, "jextras": null, "comment": null, "apt": "nan", "jhidden": 0, "jfrozen": 0, "jworking": 0.0, "jborocode": 0, "bldid": -1, "listype": "", "dirtype": "", "ocat": "" }, "geometry": null },
{ "type": "Feature", "properties": { "dName": "Sunken Meadow Island", "lastName": "", "firstName": null, "prefix": null, "ptype": "poi", "pcat": "~Off Map>Islands", "jregion": "", "address": "", "blockid": -1, "locid": -1, "lead": "6-6679", "label": "nan", "offmap": 1.0, "jextras": null, "comment": null, "apt": "nan", "jhidden": 0, "jfrozen": 0, "jworking": 0.0, "jborocode": 0, "bldid": -1, "listype": "", "dirtype": "", "ocat": "" }, "geometry": null },
{ "type": "Feature", "properties": { "dName": "Riker's Island", "lastName": "", "firstName": null, "prefix": null, "ptype": "poi", "pcat": "~Off Map>Islands|Jails", "jregion": "", "address": "", "blockid": -1, "locid": -1, "lead": "7-5243", "label": "nan", "offmap": 1.0, "jextras": null, "comment": null, "apt": "nan", "jhidden": 0, "jfrozen": 0, "jworking": 0.0, "jborocode": 0, "bldid": -1, "listype": "", "dirtype": "", "ocat": "" }, "geometry": null },
{ "type": "Feature", "properties": { "dName": "North New York (Bronx district 1)", "lastName": "", "firstName": "", "prefix": "", "ptype": "poi", "pcat": "Outer Boroughs>The Bronx", "jregion": "", "address": "", "blockid": -1, "locid": -1, "lead": "6-8641", "label": null, "offmap": 2.0, "jextras": "", "comment": null, "apt": null, "jhidden": 0, "jfrozen": 0, "jworking": 0.0, "jborocode": 0, "bldid": -1, "listype": "", "dirtype": "", "ocat": "" }, "geometry": null },
{ "type": "Feature", "properties": { "dName": "St. Mary's Park (Bronx district 2)", "lastName": "", "firstName": "", "prefix": "", "ptype": "poi", "pcat": "Outer Boroughs>The Bronx", "jregion": "", "address": "", "blockid": -1, "locid": -1, "lead": "5-4024", "label": null, "offmap": 2.0, "jextras": "", "comment": null, "apt": null, "jhidden": 0, "jfrozen": 0, "jworking": 0.0, "jborocode": 0, "bldid": -1, "listype": "", "dirtype": "", "ocat": "" }, "geometry": null },
{ "type": "Feature", "properties": { "dName": "Highbridge (Bronx district 3)", "lastName": "", "firstName": "", "prefix": "", "ptype": "poi", "pcat": "Outer Boroughs>The Bronx", "jregion": "", "address": "", "blockid": -1, "locid": -1, "lead": "1-1174", "label": null, "offmap": 2.0, "jextras": "", "comment": null, "apt": null, "jhidden": 0, "jfrozen": 0, "jworking": 0.0, "jborocode": 0, "bldid": -1, "listype": "", "dirtype": "", "ocat": "" }, "geometry": null },
{ "type": "Feature", "properties": { "dName": "Morrisania (Bronx district 4)", "lastName": "", "firstName": "", "prefix": "", "ptype": "poi", "pcat": "Outer Boroughs>The Bronx", "jregion": "", "address": "", "blockid": -1, "locid": -1, "lead": "1-0956", "label": null, "offmap": 2.0, "jextras": "", "comment": null, "apt": null, "jhidden": 0, "jfrozen": 0, "jworking": 0.0, "jborocode": 0, "bldid": -1, "listype": "", "dirtype": "", "ocat": "" }, "geometry": null },
{ "type": "Feature", "properties": { "dName": "Fordham Heights (Bronx district 5)", "lastName": "", "firstName": "", "prefix": "", "ptype": "poi", "pcat": "Outer Boroughs>The Bronx", "jregion": "", "address": "", "blockid": -1, "locid": -1, "lead": "4-5667", "label": null, "offmap": 2.0, "jextras": "", "comment": null, "apt": null, "jhidden": 0, "jfrozen": 0, "jworking": 0.0, "jborocode": 0, "bldid": -1, "listype": "", "dirtype": "", "ocat": "" }, "geometry": null },
{ "type": "Feature", "properties": { "dName": "Bronx Park (Bronx district 6)", "lastName": "", "firstName": "", "prefix": "", "ptype": "poi", "pcat": "Outer Boroughs>The Bronx", "jregion": "", "address": "", "blockid": -1, "locid": -1, "lead": "3-7201", "label": null, "offmap": 2.0, "jextras": "", "comment": null, "apt": null, "jhidden": 0, "jfrozen": 0, "jworking": 0.0, "jborocode": 0, "bldid": -1, "listype": "", "dirtype": "", "ocat": "" }, "geometry": null },
{ "type": "Feature", "properties": { "dName": "Jerome Park Res. (Bronx district 7)", "lastName": "", "firstName": "", "prefix": "", "ptype": "poi", "pcat": "Outer Boroughs>The Bronx", "jregion": "", "address": "", "blockid": -1, "locid": -1, "lead": "1-5185", "label": null, "offmap": 2.0, "jextras": "", "comment": null, "apt": null, "jhidden": 0, "jfrozen": 0, "jworking": 0.0, "jborocode": 0, "bldid": -1, "listype": "", "dirtype": "", "ocat": "" }, "geometry": null },
{ "type": "Feature", "properties": { "dName": "Riverdale (Bronx district 8)", "lastName": "", "firstName": "", "prefix": "", "ptype": "poi", "pcat": "Outer Boroughs>The Bronx", "jregion": "", "address": "", "blockid": -1, "locid": -1, "lead": "6-8303", "label": null, "offmap": 2.0, "jextras": "", "comment": null, "apt": null, "jhidden": 0, "jfrozen": 0, "jworking": 0.0, "jborocode": 0, "bldid": -1, "listype": "", "dirtype": "", "ocat": "" }, "geometry": null },
{ "type": "Feature", "properties": { "dName": "Hunt's Point (Bronx district 9)", "lastName": "", "firstName": "", "prefix": "", "ptype": "poi", "pcat": "Outer Boroughs>The Bronx", "jregion": "", "address": "", "blockid": -1, "locid": -1, "lead": "1-8960", "label": null, "offmap": 2.0, "jextras": "", "comment": null, "apt": null, "jhidden": 0, "jfrozen": 0, "jworking": 0.0, "jborocode": 0, "bldid": -1, "listype": "", "dirtype": "", "ocat": "" }, "geometry": null },
{ "type": "Feature", "properties": { "dName": "Clason Point (Bronx district 10)", "lastName": "", "firstName": "", "prefix": "", "ptype": "poi", "pcat": "Outer Boroughs>The Bronx", "jregion": "", "address": "", "blockid": -1, "locid": -1, "lead": "1-6703", "label": null, "offmap": 2.0, "jextras": "", "comment": null, "apt": null, "jhidden": 0, "jfrozen": 0, "jworking": 0.0, "jborocode": 0, "bldid": -1, "listype": "", "dirtype": "", "ocat": "" }, "geometry": null },
{ "type": "Feature", "properties": { "dName": "Throgs Neck (Bronx district 11)", "lastName": "", "firstName": "", "prefix": "", "ptype": "poi", "pcat": "Outer Boroughs>The Bronx", "jregion": "", "address": "", "blockid": -1, "locid": -1, "lead": "6-4998", "label": null, "offmap": 2.0, "jextras": "", "comment": null, "apt": null, "jhidden": 0, "jfrozen": 0, "jworking": 0.0, "jborocode": 0, "bldid": -1, "listype": "", "dirtype": "", "ocat": "" }, "geometry": null },
{ "type": "Feature", "properties": { "dName": "Park Versailles (Bronx district 12)", "lastName": "", "firstName": "", "prefix": "", "ptype": "poi", "pcat": "Outer Boroughs>The Bronx", "jregion": "", "address": "", "blockid": -1, "locid": -1, "lead": "6-7384", "label": null, "offmap": 2.0, "jextras": "", "comment": null, "apt": null, "jhidden": 0, "jfrozen": 0, "jworking": 0.0, "jborocode": 0, "bldid": -1, "listype": "", "dirtype": "", "ocat": "" }, "geometry": null },
{ "type": "Feature", "properties": { "dName": "Union Port (Bronx district 13)", "lastName": "", "firstName": "", "prefix": "", "ptype": "poi", "pcat": "Outer Boroughs>The Bronx", "jregion": "", "address": "", "blockid": -1, "locid": -1, "lead": "2-8666", "label": null, "offmap": 2.0, "jextras": "", "comment": null, "apt": null, "jhidden": 0, "jfrozen": 0, "jworking": 0.0, "jborocode": 0, "bldid": -1, "listype": "", "dirtype": "", "ocat": "" }, "geometry": null },
{ "type": "Feature", "properties": { "dName": "Pelham Bay Park (Bronx district 14)", "lastName": "", "firstName": "", "prefix": "", "ptype": "poi", "pcat": "Outer Boroughs>The Bronx", "jregion": "", "address": "", "blockid": -1, "locid": -1, "lead": "7-2343", "label": null, "offmap": 2.0, "jextras": "", "comment": null, "apt": null, "jhidden": 0, "jfrozen": 0, "jworking": 0.0, "jborocode": 0, "bldid": -1, "listype": "", "dirtype": "", "ocat": "" }, "geometry": null },
{ "type": "Feature", "properties": { "dName": "Westchester Heights (Bronx district 15)", "lastName": "", "firstName": "", "prefix": "", "ptype": "poi", "pcat": "Outer Boroughs>The Bronx", "jregion": "", "address": "", "blockid": -1, "locid": -1, "lead": "8-9540", "label": null, "offmap": 2.0, "jextras": "", "comment": null, "apt": null, "jhidden": 0, "jfrozen": 0, "jworking": 0.0, "jborocode": 0, "bldid": -1, "listype": "", "dirtype": "", "ocat": "" }, "geometry": null },
{ "type": "Feature", "properties": { "dName": "Williamsbridge (Bronx district 16)", "lastName": "", "firstName": "", "prefix": "", "ptype": "poi", "pcat": "Outer Boroughs>The Bronx", "jregion": "", "address": "", "blockid": -1, "locid": -1, "lead": "7-7236", "label": null, "offmap": 2.0, "jextras": "", "comment": null, "apt": null, "jhidden": 0, "jfrozen": 0, "jworking": 0.0, "jborocode": 0, "bldid": -1, "listype": "", "dirtype": "", "ocat": "" }, "geometry": null },
{ "type": "Feature", "properties": { "dName": "Gun Hill Road (Bronx district 17)", "lastName": "", "firstName": "", "prefix": "", "ptype": "poi", "pcat": "Outer Boroughs>The Bronx", "jregion": "", "address": "", "blockid": -1, "locid": -1, "lead": "8-4338", "label": null, "offmap": 2.0, "jextras": "", "comment": null, "apt": null, "jhidden": 0, "jfrozen": 0, "jworking": 0.0, "jborocode": 0, "bldid": -1, "listype": "", "dirtype": "", "ocat": "" }, "geometry": null },
{ "type": "Feature", "properties": { "dName": "Baychester (Bronx district 18)", "lastName": "", "firstName": "", "prefix": "", "ptype": "poi", "pcat": "Outer Boroughs>The Bronx", "jregion": "", "address": "", "blockid": -1, "locid": -1, "lead": "2-9152", "label": null, "offmap": 2.0, "jextras": "", "comment": null, "apt": null, "jhidden": 0, "jfrozen": 0, "jworking": 0.0, "jborocode": 0, "bldid": -1, "listype": "", "dirtype": "", "ocat": "" }, "geometry": null },
{ "type": "Feature", "properties": { "dName": "Woodlawn (Bronx district 19)", "lastName": "", "firstName": "", "prefix": "", "ptype": "poi", "pcat": "Outer Boroughs>The Bronx", "jregion": "", "address": "", "blockid": -1, "locid": -1, "lead": "2-9989", "label": null, "offmap": 2.0, "jextras": "", "comment": null, "apt": null, "jhidden": 0, "jfrozen": 0, "jworking": 0.0, "jborocode": 0, "bldid": -1, "listype": "", "dirtype": "", "ocat": "" }, "geometry": null },
{ "type": "Feature", "properties": { "dName": "Edenwald (Bronx district 20)", "lastName": "", "firstName": "", "prefix": "", "ptype": "poi", "pcat": "Outer Boroughs>The Bronx", "jregion": "", "address": "", "blockid": -1, "locid": -1, "lead": "8-1393", "label": null, "offmap": 2.0, "jextras": "", "comment": null, "apt": null, "jhidden": 0, "jfrozen": 0, "jworking": 0.0, "jborocode": 0, "bldid": -1, "listype": "", "dirtype": "", "ocat": "" }, "geometry": null },
{ "type": "Feature", "properties": { "dName": "Greenpoint (Brooklyn district 1)", "lastName": "", "firstName": "", "prefix": "", "ptype": "poi", "pcat": "Outer Boroughs>Brooklyn", "jregion": "", "address": "", "blockid": -1, "locid": -1, "lead": "5-9825", "label": null, "offmap": 2.0, "jextras": "", "comment": null, "apt": null, "jhidden": 0, "jfrozen": 0, "jworking": 0.0, "jborocode": 0, "bldid": -1, "listype": "", "dirtype": "", "ocat": "" }, "geometry": null },
{ "type": "Feature", "properties": { "dName": "Williamsburg (Brooklyn district 2)", "lastName": "", "firstName": "", "prefix": "", "ptype": "poi", "pcat": "Outer Boroughs>Brooklyn", "jregion": "", "address": "", "blockid": -1, "locid": -1, "lead": "7-5699", "label": null, "offmap": 2.0, "jextras": "", "comment": null, "apt": null, "jhidden": 0, "jfrozen": 0, "jworking": 0.0, "jborocode": 0, "bldid": -1, "listype": "", "dirtype": "", "ocat": "" }, "geometry": null },
{ "type": "Feature", "properties": { "dName": "English Kills (Brooklyn district 3)", "lastName": "", "firstName": "", "prefix": "", "ptype": "poi", "pcat": "Outer Boroughs>Brooklyn", "jregion": "", "address": "", "blockid": -1, "locid": -1, "lead": "1-4172", "label": null, "offmap": 2.0, "jextras": "", "comment": null, "apt": null, "jhidden": 0, "jfrozen": 0, "jworking": 0.0, "jborocode": 0, "bldid": -1, "listype": "", "dirtype": "", "ocat": "" }, "geometry": null },
{ "type": "Feature", "properties": { "dName": "Brooklyn Heights (Brooklyn district 4)", "lastName": "", "firstName": "", "prefix": "", "ptype": "poi", "pcat": "Outer Boroughs>Brooklyn", "jregion": "", "address": "", "blockid": -1, "locid": -1, "lead": "8-4053", "label": null, "offmap": 2.0, "jextras": "", "comment": null, "apt": null, "jhidden": 0, "jfrozen": 0, "jworking": 0.0, "jborocode": 0, "bldid": -1, "listype": "", "dirtype": "", "ocat": "" }, "geometry": null },
{ "type": "Feature", "properties": { "dName": "Fort Greene Park (Brooklyn district 5)", "lastName": "", "firstName": "", "prefix": "", "ptype": "poi", "pcat": "Outer Boroughs>Brooklyn", "jregion": "", "address": "", "blockid": -1, "locid": -1, "lead": "3-2103", "label": null, "offmap": 2.0, "jextras": "", "comment": null, "apt": null, "jhidden": 0, "jfrozen": 0, "jworking": 0.0, "jborocode": 0, "bldid": -1, "listype": "", "dirtype": "", "ocat": "" }, "geometry": null },
{ "type": "Feature", "properties": { "dName": "Stuyvesant (Brooklyn district 6)", "lastName": "", "firstName": "", "prefix": "", "ptype": "poi", "pcat": "Outer Boroughs>Brooklyn", "jregion": "", "address": "", "blockid": -1, "locid": -1, "lead": "8-2728", "label": null, "offmap": 2.0, "jextras": "", "comment": null, "apt": null, "jhidden": 0, "jfrozen": 0, "jworking": 0.0, "jborocode": 0, "bldid": -1, "listype": "", "dirtype": "", "ocat": "" }, "geometry": null },
{ "type": "Feature", "properties": { "dName": "Bushwick (Brooklyn district 7)", "lastName": "", "firstName": "", "prefix": "", "ptype": "poi", "pcat": "Outer Boroughs>Brooklyn", "jregion": "", "address": "", "blockid": -1, "locid": -1, "lead": "7-6630", "label": null, "offmap": 2.0, "jextras": "", "comment": null, "apt": null, "jhidden": 0, "jfrozen": 0, "jworking": 0.0, "jborocode": 0, "bldid": -1, "listype": "", "dirtype": "", "ocat": "" }, "geometry": null },
{ "type": "Feature", "properties": { "dName": "South Brooklyn (Brooklyn district 8)", "lastName": "", "firstName": "", "prefix": "", "ptype": "poi", "pcat": "Outer Boroughs>Brooklyn", "jregion": "", "address": "", "blockid": -1, "locid": -1, "lead": "3-6924", "label": null, "offmap": 2.0, "jextras": "", "comment": null, "apt": null, "jhidden": 0, "jfrozen": 0, "jworking": 0.0, "jborocode": 0, "bldid": -1, "listype": "", "dirtype": "", "ocat": "" }, "geometry": null },
{ "type": "Feature", "properties": { "dName": "Park Slope (Brooklyn district 9)", "lastName": "", "firstName": "", "prefix": "", "ptype": "poi", "pcat": "Outer Boroughs>Brooklyn", "jregion": "", "address": "", "blockid": -1, "locid": -1, "lead": "6-9747", "label": null, "offmap": 2.0, "jextras": "", "comment": null, "apt": null, "jhidden": 0, "jfrozen": 0, "jworking": 0.0, "jborocode": 0, "bldid": -1, "listype": "", "dirtype": "", "ocat": "" }, "geometry": null },
{ "type": "Feature", "properties": { "dName": "Eastern Parkway (Brooklyn district 10)", "lastName": "", "firstName": "", "prefix": "", "ptype": "poi", "pcat": "Outer Boroughs>Brooklyn", "jregion": "", "address": "", "blockid": -1, "locid": -1, "lead": "4-3973", "label": null, "offmap": 2.0, "jextras": "", "comment": null, "apt": null, "jhidden": 0, "jfrozen": 0, "jworking": 0.0, "jborocode": 0, "bldid": -1, "listype": "", "dirtype": "", "ocat": "" }, "geometry": null },
{ "type": "Feature", "properties": { "dName": "Brownsville (Brooklyn district 11)", "lastName": "", "firstName": "", "prefix": "", "ptype": "poi", "pcat": "Outer Boroughs>Brooklyn", "jregion": "", "address": "", "blockid": -1, "locid": -1, "lead": "8-0582", "label": null, "offmap": 2.0, "jextras": "", "comment": null, "apt": null, "jhidden": 0, "jfrozen": 0, "jworking": 0.0, "jborocode": 0, "bldid": -1, "listype": "", "dirtype": "", "ocat": "" }, "geometry": null },
{ "type": "Feature", "properties": { "dName": "Highland Park (Brooklyn district 12)", "lastName": "", "firstName": "", "prefix": "", "ptype": "poi", "pcat": "Outer Boroughs>Brooklyn", "jregion": "", "address": "", "blockid": -1, "locid": -1, "lead": "7-4995", "label": null, "offmap": 2.0, "jextras": "", "comment": null, "apt": null, "jhidden": 0, "jfrozen": 0, "jworking": 0.0, "jborocode": 0, "bldid": -1, "listype": "", "dirtype": "", "ocat": "" }, "geometry": null },
{ "type": "Feature", "properties": { "dName": "Sunset Park (Brooklyn district 13)", "lastName": "", "firstName": "", "prefix": "", "ptype": "poi", "pcat": "Outer Boroughs>Brooklyn", "jregion": "", "address": "", "blockid": -1, "locid": -1, "lead": "3-2591", "label": null, "offmap": 2.0, "jextras": "", "comment": null, "apt": null, "jhidden": 0, "jfrozen": 0, "jworking": 0.0, "jborocode": 0, "bldid": -1, "listype": "", "dirtype": "", "ocat": "" }, "geometry": null },
{ "type": "Feature", "properties": { "dName": "Borough Park (Brooklyn district 14)", "lastName": "", "firstName": "", "prefix": "", "ptype": "poi", "pcat": "Outer Boroughs>Brooklyn", "jregion": "", "address": "", "blockid": -1, "locid": -1, "lead": "4-1500", "label": null, "offmap": 2.0, "jextras": "", "comment": null, "apt": null, "jhidden": 0, "jfrozen": 0, "jworking": 0.0, "jborocode": 0, "bldid": -1, "listype": "", "dirtype": "", "ocat": "" }, "geometry": null },
{ "type": "Feature", "properties": { "dName": "Kensington (Brooklyn district 15)", "lastName": "", "firstName": "", "prefix": "", "ptype": "poi", "pcat": "Outer Boroughs>Brooklyn", "jregion": "", "address": "", "blockid": -1, "locid": -1, "lead": "5-0925", "label": null, "offmap": 2.0, "jextras": "", "comment": null, "apt": null, "jhidden": 0, "jfrozen": 0, "jworking": 0.0, "jborocode": 0, "bldid": -1, "listype": "", "dirtype": "", "ocat": "" }, "geometry": null },
{ "type": "Feature", "properties": { "dName": "Flatbush (Brooklyn district 16)", "lastName": "", "firstName": "", "prefix": "", "ptype": "poi", "pcat": "Outer Boroughs>Brooklyn", "jregion": "", "address": "", "blockid": -1, "locid": -1, "lead": "2-5090", "label": null, "offmap": 2.0, "jextras": "", "comment": null, "apt": null, "jhidden": 0, "jfrozen": 0, "jworking": 0.0, "jborocode": 0, "bldid": -1, "listype": "", "dirtype": "", "ocat": "" }, "geometry": null },
{ "type": "Feature", "properties": { "dName": "Holy Cross (Brooklyn district 17)", "lastName": "", "firstName": "", "prefix": "", "ptype": "poi", "pcat": "Outer Boroughs>Brooklyn", "jregion": "", "address": "", "blockid": -1, "locid": -1, "lead": "7-7017", "label": null, "offmap": 2.0, "jextras": "", "comment": null, "apt": null, "jhidden": 0, "jfrozen": 0, "jworking": 0.0, "jborocode": 0, "bldid": -1, "listype": "", "dirtype": "", "ocat": "" }, "geometry": null },
{ "type": "Feature", "properties": { "dName": "Bay Ridge (Brooklyn district 18)", "lastName": "", "firstName": "", "prefix": "", "ptype": "poi", "pcat": "Outer Boroughs>Brooklyn", "jregion": "", "address": "", "blockid": -1, "locid": -1, "lead": "7-8707", "label": null, "offmap": 2.0, "jextras": "", "comment": null, "apt": null, "jhidden": 0, "jfrozen": 0, "jworking": 0.0, "jborocode": 0, "bldid": -1, "listype": "", "dirtype": "", "ocat": "" }, "geometry": null },
{ "type": "Feature", "properties": { "dName": "Bensonhurst (Brooklyn district 19)", "lastName": "", "firstName": "", "prefix": "", "ptype": "poi", "pcat": "Outer Boroughs>Brooklyn", "jregion": "", "address": "", "blockid": -1, "locid": -1, "lead": "7-8953", "label": null, "offmap": 2.0, "jextras": "", "comment": null, "apt": null, "jhidden": 0, "jfrozen": 0, "jworking": 0.0, "jborocode": 0, "bldid": -1, "listype": "", "dirtype": "", "ocat": "" }, "geometry": null },
{ "type": "Feature", "properties": { "dName": "Gravesend (Brooklyn district 20)", "lastName": "", "firstName": "", "prefix": "", "ptype": "poi", "pcat": "Outer Boroughs>Brooklyn", "jregion": "", "address": "", "blockid": -1, "locid": -1, "lead": "1-9973", "label": null, "offmap": 2.0, "jextras": "", "comment": null, "apt": null, "jhidden": 0, "jfrozen": 0, "jworking": 0.0, "jborocode": 0, "bldid": -1, "listype": "", "dirtype": "", "ocat": "" }, "geometry": null },
{ "type": "Feature", "properties": { "dName": "South Greenfield (Brooklyn district 21)", "lastName": "", "firstName": "", "prefix": "", "ptype": "poi", "pcat": "Outer Boroughs>Brooklyn", "jregion": "", "address": "", "blockid": -1, "locid": -1, "lead": "6-3974", "label": null, "offmap": 2.0, "jextras": "", "comment": null, "apt": null, "jhidden": 0, "jfrozen": 0, "jworking": 0.0, "jborocode": 0, "bldid": -1, "listype": "", "dirtype": "", "ocat": "" }, "geometry": null },
{ "type": "Feature", "properties": { "dName": "Flatlands (Brooklyn district 22)", "lastName": "", "firstName": "", "prefix": "", "ptype": "poi", "pcat": "Outer Boroughs>Brooklyn", "jregion": "", "address": "", "blockid": -1, "locid": -1, "lead": "5-0682", "label": null, "offmap": 2.0, "jextras": "", "comment": null, "apt": null, "jhidden": 0, "jfrozen": 0, "jworking": 0.0, "jborocode": 0, "bldid": -1, "listype": "", "dirtype": "", "ocat": "" }, "geometry": null },
{ "type": "Feature", "properties": { "dName": "Mill Basin (Brooklyn district 23)", "lastName": "", "firstName": "", "prefix": "", "ptype": "poi", "pcat": "Outer Boroughs>Brooklyn", "jregion": "", "address": "", "blockid": -1, "locid": -1, "lead": "3-3374", "label": null, "offmap": 2.0, "jextras": "", "comment": null, "apt": null, "jhidden": 0, "jfrozen": 0, "jworking": 0.0, "jborocode": 0, "bldid": -1, "listype": "", "dirtype": "", "ocat": "" }, "geometry": null },
{ "type": "Feature", "properties": { "dName": "Canarsie (Brooklyn district 24)", "lastName": "", "firstName": "", "prefix": "", "ptype": "poi", "pcat": "Outer Boroughs>Brooklyn", "jregion": "", "address": "", "blockid": -1, "locid": -1, "lead": "6-9893", "label": null, "offmap": 2.0, "jextras": "", "comment": null, "apt": null, "jhidden": 0, "jfrozen": 0, "jworking": 0.0, "jborocode": 0, "bldid": -1, "listype": "", "dirtype": "", "ocat": "" }, "geometry": null },
{ "type": "Feature", "properties": { "dName": "Spring Creek Basin (Brooklyn district 25)", "lastName": "", "firstName": "", "prefix": "", "ptype": "poi", "pcat": "Outer Boroughs>Brooklyn", "jregion": "", "address": "", "blockid": -1, "locid": -1, "lead": "1-1982", "label": null, "offmap": 2.0, "jextras": "", "comment": null, "apt": null, "jhidden": 0, "jfrozen": 0, "jworking": 0.0, "jborocode": 0, "bldid": -1, "listype": "", "dirtype": "", "ocat": "" }, "geometry": null },
{ "type": "Feature", "properties": { "dName": "Sea Gate (Brooklyn district 26)", "lastName": "", "firstName": "", "prefix": "", "ptype": "poi", "pcat": "Outer Boroughs>Brooklyn", "jregion": "", "address": "", "blockid": -1, "locid": -1, "lead": "8-7143", "label": null, "offmap": 2.0, "jextras": "", "comment": null, "apt": null, "jhidden": 0, "jfrozen": 0, "jworking": 0.0, "jborocode": 0, "bldid": -1, "listype": "", "dirtype": "", "ocat": "" }, "geometry": null },
{ "type": "Feature", "properties": { "dName": "Neck Road (Brooklyn district 27)", "lastName": "", "firstName": "", "prefix": "", "ptype": "poi", "pcat": "Outer Boroughs>Brooklyn", "jregion": "", "address": "", "blockid": -1, "locid": -1, "lead": "4-5783", "label": null, "offmap": 2.0, "jextras": "", "comment": null, "apt": null, "jhidden": 0, "jfrozen": 0, "jworking": 0.0, "jborocode": 0, "bldid": -1, "listype": "", "dirtype": "", "ocat": "" }, "geometry": null },
{ "type": "Feature", "properties": { "dName": "Coney Island (Brooklyn district 28)", "lastName": "", "firstName": "", "prefix": "", "ptype": "poi", "pcat": "Outer Boroughs>Brooklyn|Amusements", "jregion": "", "address": "", "blockid": -1, "locid": -1, "lead": "6-9123", "label": null, "offmap": 2.0, "jextras": "", "comment": null, "apt": null, "jhidden": 0, "jfrozen": 0, "jworking": 0.0, "jborocode": 0, "bldid": -1, "listype": "", "dirtype": "", "ocat": "" }, "geometry": null },
{ "type": "Feature", "properties": { "dName": "Astoria (Queens district 1)", "lastName": "", "firstName": "", "prefix": "", "ptype": "poi", "pcat": "Outer Boroughs>Queens", "jregion": "", "address": "", "blockid": -1, "locid": -1, "lead": "3-5765", "label": null, "offmap": 2.0, "jextras": "", "comment": null, "apt": null, "jhidden": 0, "jfrozen": 0, "jworking": 0.0, "jborocode": 0, "bldid": -1, "listype": "", "dirtype": "", "ocat": "" }, "geometry": null },
{ "type": "Feature", "properties": { "dName": "Long Island City (Queens district 2)", "lastName": "", "firstName": "", "prefix": "", "ptype": "poi", "pcat": "Outer Boroughs>Queens", "jregion": "", "address": "", "blockid": -1, "locid": -1, "lead": "7-0532", "label": null, "offmap": 2.0, "jextras": "", "comment": null, "apt": null, "jhidden": 0, "jfrozen": 0, "jworking": 0.0, "jborocode": 0, "bldid": -1, "listype": "", "dirtype": "", "ocat": "" }, "geometry": null },
{ "type": "Feature", "properties": { "dName": "Sunnyside (Queens district 3)", "lastName": "", "firstName": "", "prefix": "", "ptype": "poi", "pcat": "Outer Boroughs>Queens", "jregion": "", "address": "", "blockid": -1, "locid": -1, "lead": "1-2329", "label": null, "offmap": 2.0, "jextras": "", "comment": null, "apt": null, "jhidden": 0, "jfrozen": 0, "jworking": 0.0, "jborocode": 0, "bldid": -1, "listype": "", "dirtype": "", "ocat": "" }, "geometry": null },
{ "type": "Feature", "properties": { "dName": "Woodside - Winfield (Queens district 4)", "lastName": "", "firstName": "", "prefix": "", "ptype": "poi", "pcat": "Outer Boroughs>Queens", "jregion": "", "address": "", "blockid": -1, "locid": -1, "lead": "5-8060", "label": null, "offmap": 2.0, "jextras": "", "comment": null, "apt": null, "jhidden": 0, "jfrozen": 0, "jworking": 0.0, "jborocode": 0, "bldid": -1, "listype": "", "dirtype": "", "ocat": "" }, "geometry": null },
{ "type": "Feature", "properties": { "dName": "Jackson Heights (Queens district 5)", "lastName": "", "firstName": "", "prefix": "", "ptype": "poi", "pcat": "Outer Boroughs>Queens", "jregion": "", "address": "", "blockid": -1, "locid": -1, "lead": "7-2923", "label": null, "offmap": 2.0, "jextras": "", "comment": null, "apt": null, "jhidden": 0, "jfrozen": 0, "jworking": 0.0, "jborocode": 0, "bldid": -1, "listype": "", "dirtype": "", "ocat": "" }, "geometry": null },
{ "type": "Feature", "properties": { "dName": "Corona (Queens district 6)", "lastName": "", "firstName": "", "prefix": "", "ptype": "poi", "pcat": "Outer Boroughs>Queens", "jregion": "", "address": "", "blockid": -1, "locid": -1, "lead": "1-8478", "label": null, "offmap": 2.0, "jextras": "", "comment": null, "apt": null, "jhidden": 0, "jfrozen": 0, "jworking": 0.0, "jborocode": 0, "bldid": -1, "listype": "", "dirtype": "", "ocat": "" }, "geometry": null },
{ "type": "Feature", "properties": { "dName": "Maspeth (Queens district 7)", "lastName": "", "firstName": "", "prefix": "", "ptype": "poi", "pcat": "Outer Boroughs>Queens", "jregion": "", "address": "", "blockid": -1, "locid": -1, "lead": "7-7845", "label": null, "offmap": 2.0, "jextras": "", "comment": null, "apt": null, "jhidden": 0, "jfrozen": 0, "jworking": 0.0, "jborocode": 0, "bldid": -1, "listype": "", "dirtype": "", "ocat": "" }, "geometry": null },
{ "type": "Feature", "properties": { "dName": "Elmhurst - S. Elmhurst (Queens district 8)", "lastName": "", "firstName": "", "prefix": "", "ptype": "poi", "pcat": "Outer Boroughs>Queens", "jregion": "", "address": "", "blockid": -1, "locid": -1, "lead": "4-3651", "label": null, "offmap": 2.0, "jextras": "", "comment": null, "apt": null, "jhidden": 0, "jfrozen": 0, "jworking": 0.0, "jborocode": 0, "bldid": -1, "listype": "", "dirtype": "", "ocat": "" }, "geometry": null },
{ "type": "Feature", "properties": { "dName": "Ridgewood - Glendale (Queens district 9)", "lastName": "", "firstName": "", "prefix": "", "ptype": "poi", "pcat": "Outer Boroughs>Queens", "jregion": "", "address": "", "blockid": -1, "locid": -1, "lead": "3-7783", "label": null, "offmap": 2.0, "jextras": "", "comment": null, "apt": null, "jhidden": 0, "jfrozen": 0, "jworking": 0.0, "jborocode": 0, "bldid": -1, "listype": "", "dirtype": "", "ocat": "" }, "geometry": null },
{ "type": "Feature", "properties": { "dName": "Nassau Heights (Queens district 10)", "lastName": "", "firstName": "", "prefix": "", "ptype": "poi", "pcat": "Outer Boroughs>Queens", "jregion": "", "address": "", "blockid": -1, "locid": -1, "lead": "6-3454", "label": null, "offmap": 2.0, "jextras": "", "comment": null, "apt": null, "jhidden": 0, "jfrozen": 0, "jworking": 0.0, "jborocode": 0, "bldid": -1, "listype": "", "dirtype": "", "ocat": "" }, "geometry": null },
{ "type": "Feature", "properties": { "dName": "Forest Hills (Queens district 11)", "lastName": "", "firstName": "", "prefix": "", "ptype": "poi", "pcat": "Outer Boroughs>Queens", "jregion": "", "address": "", "blockid": -1, "locid": -1, "lead": "3-1401", "label": null, "offmap": 2.0, "jextras": "", "comment": null, "apt": null, "jhidden": 0, "jfrozen": 0, "jworking": 0.0, "jborocode": 0, "bldid": -1, "listype": "", "dirtype": "", "ocat": "" }, "geometry": null },
{ "type": "Feature", "properties": { "dName": "Flushing South (Queens district 12)", "lastName": "", "firstName": "", "prefix": "", "ptype": "poi", "pcat": "Outer Boroughs>Queens", "jregion": "", "address": "", "blockid": -1, "locid": -1, "lead": "5-4658", "label": null, "offmap": 2.0, "jextras": "", "comment": null, "apt": null, "jhidden": 0, "jfrozen": 0, "jworking": 0.0, "jborocode": 0, "bldid": -1, "listype": "", "dirtype": "", "ocat": "" }, "geometry": null },
{ "type": "Feature", "properties": { "dName": "Flushing (Queens district 13)", "lastName": "", "firstName": "", "prefix": "", "ptype": "poi", "pcat": "Outer Boroughs>Queens", "jregion": "", "address": "", "blockid": -1, "locid": -1, "lead": "3-3071", "label": null, "offmap": 2.0, "jextras": "", "comment": null, "apt": null, "jhidden": 0, "jfrozen": 0, "jworking": 0.0, "jborocode": 0, "bldid": -1, "listype": "", "dirtype": "", "ocat": "" }, "geometry": null },
{ "type": "Feature", "properties": { "dName": "College Point (Queens district 14)", "lastName": "", "firstName": "", "prefix": "", "ptype": "poi", "pcat": "Outer Boroughs>Queens", "jregion": "", "address": "", "blockid": -1, "locid": -1, "lead": "5-4962", "label": null, "offmap": 2.0, "jextras": "", "comment": null, "apt": null, "jhidden": 0, "jfrozen": 0, "jworking": 0.0, "jborocode": 0, "bldid": -1, "listype": "", "dirtype": "", "ocat": "" }, "geometry": null },
{ "type": "Feature", "properties": { "dName": "Whitestone (Queens district 15)", "lastName": "", "firstName": "", "prefix": "", "ptype": "poi", "pcat": "Outer Boroughs>Queens", "jregion": "", "address": "", "blockid": -1, "locid": -1, "lead": "4-0594", "label": null, "offmap": 2.0, "jextras": "", "comment": null, "apt": null, "jhidden": 0, "jfrozen": 0, "jworking": 0.0, "jborocode": 0, "bldid": -1, "listype": "", "dirtype": "", "ocat": "" }, "geometry": null },
{ "type": "Feature", "properties": { "dName": "Bayside (Queens district 16)", "lastName": "", "firstName": "", "prefix": "", "ptype": "poi", "pcat": "Outer Boroughs>Queens", "jregion": "", "address": "", "blockid": -1, "locid": -1, "lead": "1-5793", "label": null, "offmap": 2.0, "jextras": "", "comment": null, "apt": null, "jhidden": 0, "jfrozen": 0, "jworking": 0.0, "jborocode": 0, "bldid": -1, "listype": "", "dirtype": "", "ocat": "" }, "geometry": null },
{ "type": "Feature", "properties": { "dName": "Douglaston - Little Neck (Queens district 17)", "lastName": "", "firstName": "", "prefix": "", "ptype": "poi", "pcat": "Outer Boroughs>Queens", "jregion": "", "address": "", "blockid": -1, "locid": -1, "lead": "3-8497", "label": null, "offmap": 2.0, "jextras": "", "comment": null, "apt": null, "jhidden": 0, "jfrozen": 0, "jworking": 0.0, "jborocode": 0, "bldid": -1, "listype": "", "dirtype": "", "ocat": "" }, "geometry": null },
{ "type": "Feature", "properties": { "dName": "Woodhaven (Queens district 18)", "lastName": "", "firstName": "", "prefix": "", "ptype": "poi", "pcat": "Outer Boroughs>Queens", "jregion": "", "address": "", "blockid": -1, "locid": -1, "lead": "7-7886", "label": null, "offmap": 2.0, "jextras": "", "comment": null, "apt": null, "jhidden": 0, "jfrozen": 0, "jworking": 0.0, "jborocode": 0, "bldid": -1, "listype": "", "dirtype": "", "ocat": "" }, "geometry": null },
{ "type": "Feature", "properties": { "dName": "Ozone Park (Queens district 19)", "lastName": "", "firstName": "", "prefix": "", "ptype": "poi", "pcat": "Outer Boroughs>Queens", "jregion": "", "address": "", "blockid": -1, "locid": -1, "lead": "1-4985", "label": null, "offmap": 2.0, "jextras": "", "comment": null, "apt": null, "jhidden": 0, "jfrozen": 0, "jworking": 0.0, "jborocode": 0, "bldid": -1, "listype": "", "dirtype": "", "ocat": "" }, "geometry": null },
{ "type": "Feature", "properties": { "dName": "Richmond Hill (Queens district 20)", "lastName": "", "firstName": "", "prefix": "", "ptype": "poi", "pcat": "Outer Boroughs>Queens", "jregion": "", "address": "", "blockid": -1, "locid": -1, "lead": "3-8360", "label": null, "offmap": 2.0, "jextras": "", "comment": null, "apt": null, "jhidden": 0, "jfrozen": 0, "jworking": 0.0, "jborocode": 0, "bldid": -1, "listype": "", "dirtype": "", "ocat": "" }, "geometry": null },
{ "type": "Feature", "properties": { "dName": "Jamaica (Queens district 21)", "lastName": "", "firstName": "", "prefix": "", "ptype": "poi", "pcat": "Outer Boroughs>Queens", "jregion": "", "address": "", "blockid": -1, "locid": -1, "lead": "1-0119", "label": null, "offmap": 2.0, "jextras": "", "comment": null, "apt": null, "jhidden": 0, "jfrozen": 0, "jworking": 0.0, "jborocode": 0, "bldid": -1, "listype": "", "dirtype": "", "ocat": "" }, "geometry": null },
{ "type": "Feature", "properties": { "dName": "South Jamaica (Queens district 22)", "lastName": "", "firstName": "", "prefix": "", "ptype": "poi", "pcat": "Outer Boroughs>Queens", "jregion": "", "address": "", "blockid": -1, "locid": -1, "lead": "7-1002", "label": null, "offmap": 2.0, "jextras": "", "comment": null, "apt": null, "jhidden": 0, "jfrozen": 0, "jworking": 0.0, "jborocode": 0, "bldid": -1, "listype": "", "dirtype": "", "ocat": "" }, "geometry": null },
{ "type": "Feature", "properties": { "dName": "Hollis (Queens district 23)", "lastName": "", "firstName": "", "prefix": "", "ptype": "poi", "pcat": "Outer Boroughs>Queens", "jregion": "", "address": "", "blockid": -1, "locid": -1, "lead": "6-9266", "label": null, "offmap": 2.0, "jextras": "", "comment": null, "apt": null, "jhidden": 0, "jfrozen": 0, "jworking": 0.0, "jborocode": 0, "bldid": -1, "listype": "", "dirtype": "", "ocat": "" }, "geometry": null },
{ "type": "Feature", "properties": { "dName": "Queens Village (Queens district 24)", "lastName": "", "firstName": "", "prefix": "", "ptype": "poi", "pcat": "Outer Boroughs>Queens", "jregion": "", "address": "", "blockid": -1, "locid": -1, "lead": "1-6680", "label": null, "offmap": 2.0, "jextras": "", "comment": null, "apt": null, "jhidden": 0, "jfrozen": 0, "jworking": 0.0, "jborocode": 0, "bldid": -1, "listype": "", "dirtype": "", "ocat": "" }, "geometry": null },
{ "type": "Feature", "properties": { "dName": "Howard Beach (Queens district 25)", "lastName": "", "firstName": "", "prefix": "", "ptype": "poi", "pcat": "Outer Boroughs>Queens", "jregion": "", "address": "", "blockid": -1, "locid": -1, "lead": "3-1874", "label": null, "offmap": 2.0, "jextras": "", "comment": null, "apt": null, "jhidden": 0, "jfrozen": 0, "jworking": 0.0, "jborocode": 0, "bldid": -1, "listype": "", "dirtype": "", "ocat": "" }, "geometry": null },
{ "type": "Feature", "properties": { "dName": "Springfield (Queens district 26)", "lastName": "", "firstName": "", "prefix": "", "ptype": "poi", "pcat": "Outer Boroughs>Queens", "jregion": "", "address": "", "blockid": -1, "locid": -1, "lead": "3-7904", "label": null, "offmap": 2.0, "jextras": "", "comment": null, "apt": null, "jhidden": 0, "jfrozen": 0, "jworking": 0.0, "jborocode": 0, "bldid": -1, "listype": "", "dirtype": "", "ocat": "" }, "geometry": null },
{ "type": "Feature", "properties": { "dName": "St. Albans (Queens district 27)", "lastName": "", "firstName": "", "prefix": "", "ptype": "poi", "pcat": "Outer Boroughs>Queens", "jregion": "", "address": "", "blockid": -1, "locid": -1, "lead": "8-5737", "label": null, "offmap": 2.0, "jextras": "", "comment": null, "apt": null, "jhidden": 0, "jfrozen": 0, "jworking": 0.0, "jborocode": 0, "bldid": -1, "listype": "", "dirtype": "", "ocat": "" }, "geometry": null },
{ "type": "Feature", "properties": { "dName": "Laurelton - Rosedale (Queens district 28)", "lastName": "", "firstName": "", "prefix": "", "ptype": "poi", "pcat": "Outer Boroughs>Queens", "jregion": "", "address": "", "blockid": -1, "locid": -1, "lead": "1-8220", "label": null, "offmap": 2.0, "jextras": "", "comment": null, "apt": null, "jhidden": 0, "jfrozen": 0, "jworking": 0.0, "jborocode": 0, "bldid": -1, "listype": "", "dirtype": "", "ocat": "" }, "geometry": null },
{ "type": "Feature", "properties": { "dName": "South Laurelton (Queens district 29)", "lastName": "", "firstName": "", "prefix": "", "ptype": "poi", "pcat": "Outer Boroughs>Queens", "jregion": "", "address": "", "blockid": -1, "locid": -1, "lead": "5-9761", "label": null, "offmap": 2.0, "jextras": "", "comment": null, "apt": null, "jhidden": 0, "jfrozen": 0, "jworking": 0.0, "jborocode": 0, "bldid": -1, "listype": "", "dirtype": "", "ocat": "" }, "geometry": null },
{ "type": "Feature", "properties": { "dName": "Neponsit (Queens district 30)", "lastName": "", "firstName": "", "prefix": "", "ptype": "poi", "pcat": "Outer Boroughs>Queens", "jregion": "", "address": "", "blockid": -1, "locid": -1, "lead": "7-9590", "label": null, "offmap": 2.0, "jextras": "", "comment": null, "apt": null, "jhidden": 0, "jfrozen": 0, "jworking": 0.0, "jborocode": 0, "bldid": -1, "listype": "", "dirtype": "", "ocat": "" }, "geometry": null },
{ "type": "Feature", "properties": { "dName": "Hammels (Queens district 31)", "lastName": "", "firstName": "", "prefix": "", "ptype": "poi", "pcat": "Outer Boroughs>Queens", "jregion": "", "address": "", "blockid": -1, "locid": -1, "lead": "7-7294", "label": null, "offmap": 2.0, "jextras": "", "comment": null, "apt": null, "jhidden": 0, "jfrozen": 0, "jworking": 0.0, "jborocode": 0, "bldid": -1, "listype": "", "dirtype": "", "ocat": "" }, "geometry": null },
{ "type": "Feature", "properties": { "dName": "Arverne (Queens district 32)", "lastName": "", "firstName": "", "prefix": "", "ptype": "poi", "pcat": "Outer Boroughs>Queens", "jregion": "", "address": "", "blockid": -1, "locid": -1, "lead": "5-7116", "label": null, "offmap": 2.0, "jextras": "", "comment": null, "apt": null, "jhidden": 0, "jfrozen": 0, "jworking": 0.0, "jborocode": 0, "bldid": -1, "listype": "", "dirtype": "", "ocat": "" }, "geometry": null },
{ "type": "Feature", "properties": { "dName": "Far Rockaway (Queens district 33)", "lastName": "", "firstName": "", "prefix": "", "ptype": "poi", "pcat": "Outer Boroughs>Queens", "jregion": "", "address": "", "blockid": -1, "locid": -1, "lead": "7-2621", "label": null, "offmap": 2.0, "jextras": "", "comment": null, "apt": null, "jhidden": 0, "jfrozen": 0, "jworking": 0.0, "jborocode": 0, "bldid": -1, "listype": "", "dirtype": "", "ocat": "" }, "geometry": null },
{ "type": "Feature", "properties": { "dName": "Cunningham Park (Queens district 34)", "lastName": "", "firstName": "", "prefix": "", "ptype": "poi", "pcat": "Outer Boroughs>Queens", "jregion": "", "address": "", "blockid": -1, "locid": -1, "lead": "5-3095", "label": null, "offmap": 2.0, "jextras": "", "comment": null, "apt": null, "jhidden": 0, "jfrozen": 0, "jworking": 0.0, "jborocode": 0, "bldid": -1, "listype": "", "dirtype": "", "ocat": "" }, "geometry": null },
{ "type": "Feature", "properties": { "dName": "Bellerose (Queens district 35)", "lastName": "", "firstName": "", "prefix": "", "ptype": "poi", "pcat": "Outer Boroughs>Queens", "jregion": "", "address": "", "blockid": -1, "locid": -1, "lead": "8-1778", "label": null, "offmap": 2.0, "jextras": "", "comment": null, "apt": null, "jhidden": 0, "jfrozen": 0, "jworking": 0.0, "jborocode": 0, "bldid": -1, "listype": "", "dirtype": "", "ocat": "" }, "geometry": null },
{ "type": "Feature", "properties": { "dName": "Brighton (Richmond district 1)", "lastName": "", "firstName": "", "prefix": "", "ptype": "poi", "pcat": "Outer Boroughs>Richmond (Staten Island)", "jregion": "", "address": "", "blockid": -1, "locid": -1, "lead": "1-1999", "label": null, "offmap": 2.0, "jextras": "", "comment": null, "apt": null, "jhidden": 0, "jfrozen": 0, "jworking": 0.0, "jborocode": 0, "bldid": -1, "listype": "", "dirtype": "", "ocat": "" }, "geometry": null },
{ "type": "Feature", "properties": { "dName": "Stapleton (Richmond district 2)", "lastName": "", "firstName": "", "prefix": "", "ptype": "poi", "pcat": "Outer Boroughs>Richmond (Staten Island)", "jregion": "", "address": "", "blockid": -1, "locid": -1, "lead": "7-8109", "label": null, "offmap": 2.0, "jextras": "", "comment": null, "apt": null, "jhidden": 0, "jfrozen": 0, "jworking": 0.0, "jborocode": 0, "bldid": -1, "listype": "", "dirtype": "", "ocat": "" }, "geometry": null },
{ "type": "Feature", "properties": { "dName": "Dongan Hills (Richmond district 3)", "lastName": "", "firstName": "", "prefix": "", "ptype": "poi", "pcat": "Outer Boroughs>Richmond (Staten Island)", "jregion": "", "address": "", "blockid": -1, "locid": -1, "lead": "1-6579", "label": null, "offmap": 2.0, "jextras": "", "comment": null, "apt": null, "jhidden": 0, "jfrozen": 0, "jworking": 0.0, "jborocode": 0, "bldid": -1, "listype": "", "dirtype": "", "ocat": "" }, "geometry": null },
{ "type": "Feature", "properties": { "dName": "Port Richmond (Richmond district 4)", "lastName": "", "firstName": "", "prefix": "", "ptype": "poi", "pcat": "Outer Boroughs>Richmond (Staten Island)", "jregion": "", "address": "", "blockid": -1, "locid": -1, "lead": "2-2300", "label": null, "offmap": 2.0, "jextras": "", "comment": null, "apt": null, "jhidden": 0, "jfrozen": 0, "jworking": 0.0, "jborocode": 0, "bldid": -1, "listype": "", "dirtype": "", "ocat": "" }, "geometry": null },
{ "type": "Feature", "properties": { "dName": "Mariner's Harbor (Richmond district 5)", "lastName": "", "firstName": "", "prefix": "", "ptype": "poi", "pcat": "Outer Boroughs>Richmond (Staten Island)", "jregion": "", "address": "", "blockid": -1, "locid": -1, "lead": "8-0064", "label": null, "offmap": 2.0, "jextras": "", "comment": null, "apt": null, "jhidden": 0, "jfrozen": 0, "jworking": 0.0, "jborocode": 0, "bldid": -1, "listype": "", "dirtype": "", "ocat": "" }, "geometry": null },
{ "type": "Feature", "properties": { "dName": "Travis (Richmond district 6)", "lastName": "", "firstName": "", "prefix": "", "ptype": "poi", "pcat": "Outer Boroughs>Richmond (Staten Island)", "jregion": "", "address": "", "blockid": -1, "locid": -1, "lead": "1-9546", "label": null, "offmap": 2.0, "jextras": "", "comment": null, "apt": null, "jhidden": 0, "jfrozen": 0, "jworking": 0.0, "jborocode": 0, "bldid": -1, "listype": "", "dirtype": "", "ocat": "" }, "geometry": null },
{ "type": "Feature", "properties": { "dName": "Great Kills (Richmond district 7)", "lastName": "", "firstName": "", "prefix": "", "ptype": "poi", "pcat": "Outer Boroughs>Richmond (Staten Island)", "jregion": "", "address": "", "blockid": -1, "locid": -1, "lead": "4-0894", "label": null, "offmap": 2.0, "jextras": "", "comment": null, "apt": null, "jhidden": 0, "jfrozen": 0, "jworking": 0.0, "jborocode": 0, "bldid": -1, "listype": "", "dirtype": "", "ocat": "" }, "geometry": null },
{ "type": "Feature", "properties": { "dName": "Prince's Bay (Richmond district 8)", "lastName": "", "firstName": "", "prefix": "", "ptype": "poi", "pcat": "Outer Boroughs>Richmond (Staten Island)", "jregion": "", "address": "", "blockid": -1, "locid": -1, "lead": "5-6777", "label": null, "offmap": 2.0, "jextras": "", "comment": null, "apt": null, "jhidden": 0, "jfrozen": 0, "jworking": 0.0, "jborocode": 0, "bldid": -1, "listype": "", "dirtype": "", "ocat": "" }, "geometry": null },
{ "type": "Feature", "properties": { "dName": "Tottenville (Richmond district 9)", "lastName": "", "firstName": "", "prefix": "", "ptype": "poi", "pcat": "Outer Boroughs>Richmond (Staten Island)", "jregion": "", "address": "", "blockid": -1, "locid": -1, "lead": "3-4628", "label": null, "offmap": 2.0, "jextras": "", "comment": null, "apt": null, "jhidden": 0, "jfrozen": 0, "jworking": 0.0, "jborocode": 0, "bldid": -1, "listype": "", "dirtype": "", "ocat": "" }, "geometry": null }
]
}
